Position,Name + ID,Name,ID,Roster Position,Salary,Game Info,TeamAbbrev,AvgPointsPerGame
G,John Gibson (11548398),John Gibson,11548398,G,8400,NYR@ANH 11/01/2018 10:00PM ET,ANH,6.2
G,Keith Kinkaid (11548399),Keith Kinkaid,11548399,G,8300,NJ@DET 11/01/2018 07:30PM ET,NJ,4.82
G,Matt Murray (11548400),Matt Murray,11548400,G,8200,PIT@NYI 11/01/2018 07:00PM ET,PIT,4.7
C,Connor McDavid (11546906),Connor McDavid,11546906,C/UTIL,8200,CHI@EDM 11/01/2018 09:00PM ET,EDM,6.18
G,Ryan Miller (11548422),Ryan Miller,11548422,G,8200,NYR@ANH 11/01/2018 10:00PM ET,ANH,4.2
G,Frederik Andersen (11548401),Frederik Andersen,11548401,G,8100,DAL@TOR 11/01/2018 07:00PM ET,TOR,4.94
LW,Alex Ovechkin (11547264),Alex Ovechkin,11547264,W/UTIL,8100,WAS@MON 11/01/2018 07:30PM ET,WAS,5.7
G,Cory Schneider (11548423),Cory Schneider,11548423,G,8100,NJ@DET 11/01/2018 07:30PM ET,NJ,0
G,Casey DeSmith (11548424),Casey DeSmith,11548424,G,8000,PIT@NYI 11/01/2018 07:00PM ET,PIT,5.12
G,Jonathan Quick (11548402),Jonathan Quick,11548402,G,8000,PHI@LA 11/01/2018 10:30PM ET,LA,0.4
G,Garret Sparks (11548425),Garret Sparks,11548425,G,7900,DAL@TOR 11/01/2018 07:00PM ET,TOR,5.3
C,Nathan MacKinnon (11546908),Nathan MacKinnon,11546908,C/UTIL,7900,COL@CGY 11/01/2018 09:00PM ET,COL,6
G,Martin Jones (11548403),Martin Jones,11548403,G,7900,CLS@SJ 11/01/2018 10:30PM ET,SJ,3.93
C,Evgeni Malkin (11546910),Evgeni Malkin,11546910,C/UTIL,7800,PIT@NYI 11/01/2018 07:00PM ET,PIT,5.95
G,Andrei Vasilevskiy (11548405),Andrei Vasilevskiy,11548405,G,7800,NSH@TB 11/01/2018 07:30PM ET,TB,6.3
G,Pekka Rinne (11548427),Pekka Rinne,11548427,G,7800,NSH@TB 11/01/2018 07:30PM ET,NSH,5.44
G,Marc-Andre Fleury (11548404),Marc-Andre Fleury,11548404,G,7800,VGK@STL 11/01/2018 08:00PM ET,VGK,3.68
G,Jack Campbell (11548426),Jack Campbell,11548426,G,7800,PHI@LA 11/01/2018 10:30PM ET,LA,3.8
G,Craig Anderson (11548407),Craig Anderson,11548407,G,7700,BUF@OTT 11/01/2018 07:30PM ET,OTT,4.76
G,Semyon Varlamov (11548406),Semyon Varlamov,11548406,G,7700,COL@CGY 11/01/2018 09:00PM ET,COL,6.1
RW,Patrick Kane (11547266),Patrick Kane,11547266,W/UTIL,7700,CHI@EDM 11/01/2018 09:00PM ET,CHI,6.42
G,Aaron Dell (11548428),Aaron Dell,11548428,G,7700,CLS@SJ 11/01/2018 10:30PM ET,SJ,4.53
C,Auston Matthews (11546912),Auston Matthews,11546912,C/UTIL,7600,DAL@TOR 11/01/2018 07:00PM ET,TOR,6
G,Carey Price (11548408),Carey Price,11548408,G,7600,WAS@MON 11/01/2018 07:30PM ET,MON,4.38
G,Braden Holtby (11548409),Braden Holtby,11548409,G,7600,WAS@MON 11/01/2018 07:30PM ET,WAS,3.82
G,Juuse Saros (11548410),Juuse Saros,11548410,G,7600,NSH@TB 11/01/2018 07:30PM ET,NSH,5.22
G,Louis Domingue (11548432),Louis Domingue,11548432,G,7600,NSH@TB 11/01/2018 07:30PM ET,TB,4.27
G,Malcolm Subban (11548429),Malcolm Subban,11548429,G,7600,VGK@STL 11/01/2018 08:00PM ET,VGK,1.13
G,Peter Budaj (11548430),Peter Budaj,11548430,G,7600,PHI@LA 11/01/2018 10:30PM ET,LA,1
C,John Tavares (11546914),John Tavares,11546914,C/UTIL,7500,DAL@TOR 11/01/2018 07:00PM ET,TOR,5.12
G,Carter Hutton (11548413),Carter Hutton,11548413,G,7500,BUF@OTT 11/01/2018 07:30PM ET,BUF,4.31
G,Linus Ullmark (11548433),Linus Ullmark,11548433,G,7500,BUF@OTT 11/01/2018 07:30PM ET,BUF,6.47
G,Mike Condon (11548434),Mike Condon,11548434,G,7500,BUF@OTT 11/01/2018 07:30PM ET,OTT,-0.8
G,Philipp Grubauer (11548431),Philipp Grubauer,11548431,G,7500,COL@CGY 11/01/2018 09:00PM ET,COL,5.5
G,Corey Crawford (11548411),Corey Crawford,11548411,G,7500,CHI@EDM 11/01/2018 09:00PM ET,CHI,5.24
G,Cam Talbot (11548412),Cam Talbot,11548412,G,7500,CHI@EDM 11/01/2018 09:00PM ET,EDM,4.2
C,Tyler Seguin (11546916),Tyler Seguin,11546916,C/UTIL,7400,DAL@TOR 11/01/2018 07:00PM ET,DAL,5.59
G,Antti Niemi (11548435),Antti Niemi,11548435,G,7400,WAS@MON 11/01/2018 07:30PM ET,MON,5.2
G,Pheonix Copley (11548436),Pheonix Copley,11548436,G,7400,WAS@MON 11/01/2018 07:30PM ET,WAS,2.67
RW,Kyle Palmieri (11547268),Kyle Palmieri,11547268,W/UTIL,7400,NJ@DET 11/01/2018 07:30PM ET,NJ,6.06
G,Troy Grosenick (11548437),Troy Grosenick,11548437,G,7400,NSH@TB 11/01/2018 07:30PM ET,NSH,0
G,Mike Smith (11548415),Mike Smith,11548415,G,7400,COL@CGY 11/01/2018 09:00PM ET,CGY,2.98
G,Sergei Bobrovsky (11548414),Sergei Bobrovsky,11548414,G,7400,CLS@SJ 11/01/2018 10:30PM ET,CLS,2.54
C,Sidney Crosby (11546918),Sidney Crosby,11546918,C/UTIL,7300,PIT@NYI 11/01/2018 07:00PM ET,PIT,5.1
RW,Phil Kessel (11547270),Phil Kessel,11547270,W/UTIL,7300,PIT@NYI 11/01/2018 07:00PM ET,PIT,5.3
G,Jake Allen (11548416),Jake Allen,11548416,G,7300,VGK@STL 11/01/2018 08:00PM ET,STL,2.4
G,Cam Ward (11548438),Cam Ward,11548438,G,7300,CHI@EDM 11/01/2018 09:00PM ET,CHI,3.71
G,Mikko Koskinen (11548439),Mikko Koskinen,11548439,G,7300,CHI@EDM 11/01/2018 09:00PM ET,EDM,4.8
LW,Jonathan Marchessault (11547272),Jonathan Marchessault,11547272,W/UTIL,7200,VGK@STL 11/01/2018 08:00PM ET,VGK,4.75
G,David Rittich (11548441),David Rittich,11548441,G,7200,COL@CGY 11/01/2018 09:00PM ET,CGY,4.93
G,Henrik Lundqvist (11548418),Henrik Lundqvist,11548418,G,7200,NYR@ANH 11/01/2018 10:00PM ET,NYR,4.28
G,Brian Elliott (11548417),Brian Elliott,11548417,G,7200,PHI@LA 11/01/2018 10:30PM ET,PHI,2.89
G,Joonas Korpisalo (11548440),Joonas Korpisalo,11548440,G,7200,CLS@SJ 11/01/2018 10:30PM ET,CLS,4.04
G,Robin Lehner (11548419),Robin Lehner,11548419,G,7100,PIT@NYI 11/01/2018 07:00PM ET,NYI,5.63
G,Thomas Greiss (11548443),Thomas Greiss,11548443,G,7100,PIT@NYI 11/01/2018 07:00PM ET,NYI,4
C,Evgeny Kuznetsov (11546920),Evgeny Kuznetsov,11546920,C/UTIL,7100,WAS@MON 11/01/2018 07:30PM ET,WAS,5.39
G,Chad Johnson (11548442),Chad Johnson,11548442,G,7100,VGK@STL 11/01/2018 08:00PM ET,STL,0.73
G,Ville Husso (11548448),Ville Husso,11548448,G,7100,VGK@STL 11/01/2018 08:00PM ET,STL,0
RW,Mikko Rantanen (11547274),Mikko Rantanen,11547274,W/UTIL,7100,COL@CGY 11/01/2018 09:00PM ET,COL,5.6
G,Ben Bishop (11548420),Ben Bishop,11548420,G,7000,DAL@TOR 11/01/2018 07:00PM ET,DAL,5.33
D,John Carlson (11547892),John Carlson,11547892,D/UTIL,7000,WAS@MON 11/01/2018 07:30PM ET,WAS,5.35
C,Jack Eichel (11546922),Jack Eichel,11546922,C/UTIL,7000,BUF@OTT 11/01/2018 07:30PM ET,BUF,4.62
LW,Taylor Hall (11547276),Taylor Hall,11547276,W/UTIL,7000,NJ@DET 11/01/2018 07:30PM ET,NJ,4.89
G,Alexandar Georgiev (11548445),Alexandar Georgiev,11548445,G,7000,NYR@ANH 11/01/2018 10:00PM ET,NYR,3.8
G,Michal Neuvirth (11548444),Michal Neuvirth,11548444,G,7000,PHI@LA 11/01/2018 10:30PM ET,PHI,-2.8
G,Jimmy Howard (11548421),Jimmy Howard,11548421,G,6900,NJ@DET 11/01/2018 07:30PM ET,DET,4.13
G,Jonathan Bernier (11548446),Jonathan Bernier,11548446,G,6900,NJ@DET 11/01/2018 07:30PM ET,DET,1.78
LW,Filip Forsberg (11547278),Filip Forsberg,11547278,W/UTIL,6900,NSH@TB 11/01/2018 07:30PM ET,NSH,5.38
C,Ryan O'Reilly (11546924),Ryan O'Reilly,11546924,C/UTIL,6900,VGK@STL 11/01/2018 08:00PM ET,STL,5.1
G,Anton Khudobin (11548447),Anton Khudobin,11548447,G,6800,DAL@TOR 11/01/2018 07:00PM ET,DAL,3.8
C,Logan Couture (11546926),Logan Couture,11546926,C/UTIL,6800,CLS@SJ 11/01/2018 10:30PM ET,SJ,4.75
LW,Artemi Panarin (11547280),Artemi Panarin,11547280,W/UTIL,6800,CLS@SJ 11/01/2018 10:30PM ET,CLS,5.09
C,Nicklas Backstrom (11546928),Nicklas Backstrom,11546928,C/UTIL,6700,WAS@MON 11/01/2018 07:30PM ET,WAS,3.82
LW,Jeff Skinner (11547282),Jeff Skinner,11547282,W/UTIL,6700,BUF@OTT 11/01/2018 07:30PM ET,BUF,4.25
RW,Vladimir Tarasenko (11547284),Vladimir Tarasenko,11547284,W/UTIL,6600,VGK@STL 11/01/2018 08:00PM ET,STL,4.75
C,Mika Zibanejad (11546930),Mika Zibanejad,11546930,C/UTIL,6600,NYR@ANH 11/01/2018 10:00PM ET,NYR,4.83
LW,Jamie Benn (11547286),Jamie Benn,11547286,W/UTIL,6500,DAL@TOR 11/01/2018 07:00PM ET,DAL,4.27
G,Kasimir Kaskisuo (11548471),Kasimir Kaskisuo,11548471,G,6500,DAL@TOR 11/01/2018 07:00PM ET,TOR,0
G,Landon Bow (11548482),Landon Bow,11548482,G,6500,DAL@TOR 11/01/2018 07:00PM ET,DAL,0
G,Colton Point (11548483),Colton Point,11548483,G,6500,DAL@TOR 11/01/2018 07:00PM ET,DAL,0
G,Christopher Gibson (11548468),Christopher Gibson,11548468,G,6500,PIT@NYI 11/01/2018 07:00PM ET,NYI,0
G,Linus Soderstrom (11548469),Linus Soderstrom,11548469,G,6500,PIT@NYI 11/01/2018 07:00PM ET,NYI,0
G,Tristan Jarry (11548473),Tristan Jarry,11548473,G,6500,PIT@NYI 11/01/2018 07:00PM ET,PIT,0
G,Charlie Lindgren (11548456),Charlie Lindgren,11548456,G,6500,WAS@MON 11/01/2018 07:30PM ET,MON,0
G,Ilya Samsonov (11548457),Ilya Samsonov,11548457,G,6500,WAS@MON 11/01/2018 07:30PM ET,WAS,0
G,Vitek Vanecek (11548458),Vitek Vanecek,11548458,G,6500,WAS@MON 11/01/2018 07:30PM ET,WAS,0
G,Scott Wedgewood (11548477),Scott Wedgewood,11548477,G,6500,BUF@OTT 11/01/2018 07:30PM ET,BUF,0
G,Ukko-Pekka Luukkonen (11548478),Ukko-Pekka Luukkonen,11548478,G,6500,BUF@OTT 11/01/2018 07:30PM ET,BUF,0
G,Mike McKenna (11548479),Mike McKenna,11548479,G,6500,BUF@OTT 11/01/2018 07:30PM ET,OTT,0
G,Filip Gustavsson (11548480),Filip Gustavsson,11548480,G,6500,BUF@OTT 11/01/2018 07:30PM ET,OTT,0
G,Eddie Lack (11548449),Eddie Lack,11548449,G,6500,NJ@DET 11/01/2018 07:30PM ET,NJ,0
G,MacKenzie Blackwood (11548459),MacKenzie Blackwood,11548459,G,6500,NJ@DET 11/01/2018 07:30PM ET,NJ,0
G,Harri Sateri (11548476),Harri Sateri,11548476,G,6500,NJ@DET 11/01/2018 07:30PM ET,DET,0
G,Connor Ingram (11548470),Connor Ingram,11548470,G,6500,NSH@TB 11/01/2018 07:30PM ET,TB,0
G,Miroslav Svoboda (11548474),Miroslav Svoboda,11548474,G,6500,NSH@TB 11/01/2018 07:30PM ET,NSH,0
G,Jordan Binnington (11548455),Jordan Binnington,11548455,G,6500,VGK@STL 11/01/2018 08:00PM ET,STL,0
G,Oscar Dansk (11548465),Oscar Dansk,11548465,G,6500,VGK@STL 11/01/2018 08:00PM ET,VGK,0
G,Maxime Lagace (11548466),Maxime Lagace,11548466,G,6500,VGK@STL 11/01/2018 08:00PM ET,VGK,0
G,Zach Fucale (11548467),Zach Fucale,11548467,G,6500,VGK@STL 11/01/2018 08:00PM ET,VGK,0
G,Spencer Martin (11548451),Spencer Martin,11548451,G,6500,COL@CGY 11/01/2018 09:00PM ET,COL,0
G,Jon Gillies (11548462),Jon Gillies,11548462,G,6500,COL@CGY 11/01/2018 09:00PM ET,CGY,0
C,Jonathan Toews (11546932),Jonathan Toews,11546932,C/UTIL,6500,CHI@EDM 11/01/2018 09:00PM ET,CHI,4.12
G,Anton Forsberg (11548452),Anton Forsberg,11548452,G,6500,CHI@EDM 11/01/2018 09:00PM ET,CHI,0
G,Collin Delia (11548453),Collin Delia,11548453,G,6500,CHI@EDM 11/01/2018 09:00PM ET,CHI,0
G,Al Montoya (11548472),Al Montoya,11548472,G,6500,CHI@EDM 11/01/2018 09:00PM ET,EDM,0
G,Kevin Boyle (11548460),Kevin Boyle,11548460,G,6500,NYR@ANH 11/01/2018 10:00PM ET,ANH,0
G,Jared Coreau (11548461),Jared Coreau,11548461,G,6500,NYR@ANH 11/01/2018 10:00PM ET,ANH,0
G,Marek Mazanec (11548475),Marek Mazanec,11548475,G,6500,NYR@ANH 11/01/2018 10:00PM ET,NYR,0
G,Calvin Pickard (11548450),Calvin Pickard,11548450,G,6500,PHI@LA 11/01/2018 10:30PM ET,PHI,2
G,Alex Lyon (11548463),Alex Lyon,11548463,G,6500,PHI@LA 11/01/2018 10:30PM ET,PHI,0
G,Carter Hart (11548464),Carter Hart,11548464,G,6500,PHI@LA 11/01/2018 10:30PM ET,PHI,0
D,Brent Burns (11547894),Brent Burns,11547894,D/UTIL,6500,CLS@SJ 11/01/2018 10:30PM ET,SJ,4.88
G,J-F Berube (11548454),J-F Berube,11548454,G,6500,CLS@SJ 11/01/2018 10:30PM ET,CLS,0
G,Antoine Bibeau (11548481),Antoine Bibeau,11548481,G,6500,CLS@SJ 11/01/2018 10:30PM ET,SJ,0
LW,Johnny Gaudreau (11547288),Johnny Gaudreau,11547288,W/UTIL,6400,COL@CGY 11/01/2018 09:00PM ET,CGY,4.5
C,Leon Draisaitl (11546934),Leon Draisaitl,11546934,C/UTIL,6400,CHI@EDM 11/01/2018 09:00PM ET,EDM,4.23
D,Morgan Rielly (11547896),Morgan Rielly,11547896,D/UTIL,6300,DAL@TOR 11/01/2018 07:00PM ET,TOR,5.33
LW,Gabriel Landeskog (11547290),Gabriel Landeskog,11547290,W/UTIL,6300,COL@CGY 11/01/2018 09:00PM ET,COL,5.29
C,Ryan Getzlaf (11546936),Ryan Getzlaf,11546936,C/UTIL,6300,NYR@ANH 11/01/2018 10:00PM ET,ANH,4.06
RW,Mitchell Marner (11547294),Mitchell Marner,11547294,W/UTIL,6200,DAL@TOR 11/01/2018 07:00PM ET,TOR,4.67
D,Kris Letang (11547898),Kris Letang,11547898,D/UTIL,6200,PIT@NYI 11/01/2018 07:00PM ET,PIT,5.17
C,Ryan Johansen (11546938),Ryan Johansen,11546938,C/UTIL,6200,NSH@TB 11/01/2018 07:30PM ET,NSH,3.75
LW,Ryan Nugent-Hopkins (11547292),Ryan Nugent-Hopkins,11547292,W/UTIL,6200,CHI@EDM 11/01/2018 09:00PM ET,EDM,4.59
D,Thomas Chabot (11547900),Thomas Chabot,11547900,D/UTIL,6100,BUF@OTT 11/01/2018 07:30PM ET,OTT,4.18
C,Nico Hischier (11546940),Nico Hischier,11546940,C/UTIL,6100,NJ@DET 11/01/2018 07:30PM ET,NJ,3.56
RW,Cam Atkinson (11547296),Cam Atkinson,11547296,W/UTIL,6100,CLS@SJ 11/01/2018 10:30PM ET,CLS,4.86
RW,Timo Meier (11547298),Timo Meier,11547298,W/UTIL,6100,CLS@SJ 11/01/2018 10:30PM ET,SJ,4.88
C,Nazem Kadri (11546942),Nazem Kadri,11546942,C/UTIL,6000,DAL@TOR 11/01/2018 07:00PM ET,TOR,2.54
LW,Alexander Radulov (11547300),Alexander Radulov,11547300,W/UTIL,6000,DAL@TOR 11/01/2018 07:00PM ET,DAL,5.57
D,John Klingberg (11547902),John Klingberg,11547902,D/UTIL,6000,DAL@TOR 11/01/2018 07:00PM ET,DAL,4.27
LW,Anders Lee (11547306),Anders Lee,11547306,W/UTIL,6000,PIT@NYI 11/01/2018 07:00PM ET,NYI,4.23
RW,T.J. Oshie (11547302),T.J. Oshie,11547302,W/UTIL,6000,WAS@MON 11/01/2018 07:30PM ET,WAS,4.32
LW,Evander Kane (11547304),Evander Kane,11547304,W/UTIL,6000,CLS@SJ 11/01/2018 10:30PM ET,SJ,4
RW,Patric Hornqvist (11547312),Patric Hornqvist,11547312,W/UTIL,5900,PIT@NYI 11/01/2018 07:00PM ET,PIT,3.35
C,Matt Duchene (11546944),Matt Duchene,11546944,C/UTIL,5900,BUF@OTT 11/01/2018 07:30PM ET,OTT,3.82
LW,Brady Tkachuk (11547310),Brady Tkachuk,11547310,W/UTIL,5900,BUF@OTT 11/01/2018 07:30PM ET,OTT,5.5
RW,Viktor Arvidsson (11547314),Viktor Arvidsson,11547314,W/UTIL,5900,NSH@TB 11/01/2018 07:30PM ET,NSH,4.08
RW,Nikita Kucherov (11547316),Nikita Kucherov,11547316,W/UTIL,5900,NSH@TB 11/01/2018 07:30PM ET,TB,4.02
D,P.K. Subban (11547904),P.K. Subban,11547904,D/UTIL,5900,NSH@TB 11/01/2018 07:30PM ET,NSH,4.12
LW,Tomas Hertl (11547308),Tomas Hertl,11547308,W/UTIL,5900,CLS@SJ 11/01/2018 10:30PM ET,SJ,4.42
RW,Mark Stone (11547324),Mark Stone,11547324,W/UTIL,5800,BUF@OTT 11/01/2018 07:30PM ET,OTT,3.27
C,Dylan Larkin (11546946),Dylan Larkin,11546946,C/UTIL,5800,NJ@DET 11/01/2018 07:30PM ET,DET,4.71
RW,Elias Lindholm (11547322),Elias Lindholm,11547322,W/UTIL,5800,COL@CGY 11/01/2018 09:00PM ET,CGY,3.96
D,Mark Giordano (11547906),Mark Giordano,11547906,D/UTIL,5800,COL@CGY 11/01/2018 09:00PM ET,CGY,4.04
LW,Claude Giroux (11547320),Claude Giroux,11547320,W/UTIL,5800,PHI@LA 11/01/2018 10:30PM ET,PHI,4.29
RW,Joe Pavelski (11547318),Joe Pavelski,11547318,W/UTIL,5800,CLS@SJ 11/01/2018 10:30PM ET,SJ,3
LW,Jake Guentzel (11547326),Jake Guentzel,11547326,W/UTIL,5700,PIT@NYI 11/01/2018 07:00PM ET,PIT,3.5
RW,Brendan Gallagher (11547330),Brendan Gallagher,11547330,W/UTIL,5700,WAS@MON 11/01/2018 07:30PM ET,MON,3.86
C,Sean Monahan (11546948),Sean Monahan,11546948,C/UTIL,5700,COL@CGY 11/01/2018 09:00PM ET,CGY,4.02
LW,Matthew Tkachuk (11547332),Matthew Tkachuk,11547332,W/UTIL,5700,COL@CGY 11/01/2018 09:00PM ET,CGY,3.81
RW,Rickard Rakell (11547328),Rickard Rakell,11547328,W/UTIL,5700,NYR@ANH 11/01/2018 10:00PM ET,ANH,3.31
D,Seth Jones (11547908),Seth Jones,11547908,D/UTIL,5700,CLS@SJ 11/01/2018 10:30PM ET,CLS,3.38
D,Erik Karlsson (11547916),Erik Karlsson,11547916,D/UTIL,5700,CLS@SJ 11/01/2018 10:30PM ET,SJ,3.29
LW,Ryan Dzingel (11547338),Ryan Dzingel,11547338,W/UTIL,5600,BUF@OTT 11/01/2018 07:30PM ET,OTT,3.44
D,Sami Vatanen (11547910),Sami Vatanen,11547910,D/UTIL,5600,NJ@DET 11/01/2018 07:30PM ET,NJ,3.78
C,Brayden Schenn (11546950),Brayden Schenn,11546950,C/UTIL,5600,VGK@STL 11/01/2018 08:00PM ET,STL,3.65
RW,Alex Tuch (11547340),Alex Tuch,11547340,W/UTIL,5600,VGK@STL 11/01/2018 08:00PM ET,VGK,4.62
D,Oscar Klefbom (11547912),Oscar Klefbom,11547912,D/UTIL,5600,CHI@EDM 11/01/2018 09:00PM ET,EDM,3.36
RW,Jakub Voracek (11547336),Jakub Voracek,11547336,W/UTIL,5600,PHI@LA 11/01/2018 10:30PM ET,PHI,3.64
RW,Jason Pominville (11547344),Jason Pominville,11547344,W/UTIL,5500,BUF@OTT 11/01/2018 07:30PM ET,BUF,3.25
C,Brayden Point (11546952),Brayden Point,11546952,C/UTIL,5500,NSH@TB 11/01/2018 07:30PM ET,TB,4.54
D,Vince Dunn (11547918),Vince Dunn,11547918,D/UTIL,5500,VGK@STL 11/01/2018 08:00PM ET,STL,3.62
LW,Alex DeBrincat (11547334),Alex DeBrincat,11547334,W/UTIL,5500,CHI@EDM 11/01/2018 09:00PM ET,CHI,4.79
LW,Ilya Kovalchuk (11547346),Ilya Kovalchuk,11547346,W/UTIL,5500,PHI@LA 11/01/2018 10:30PM ET,LA,3.27
D,Drew Doughty (11547914),Drew Doughty,11547914,D/UTIL,5500,PHI@LA 11/01/2018 10:30PM ET,LA,3.36
C,Chris Tierney (11546954),Chris Tierney,11546954,C/UTIL,5400,BUF@OTT 11/01/2018 07:30PM ET,OTT,3.5
RW,Kyle Okposo (11547348),Kyle Okposo,11547348,W/UTIL,5400,BUF@OTT 11/01/2018 07:30PM ET,BUF,2.71
RW,Jakob Silfverberg (11547342),Jakob Silfverberg,11547342,W/UTIL,5400,NYR@ANH 11/01/2018 10:00PM ET,ANH,3.06
C,Anze Kopitar (11546956),Anze Kopitar,11546956,C/UTIL,5400,PHI@LA 11/01/2018 10:30PM ET,LA,2.75
D,Shayne Gostisbehere (11547922),Shayne Gostisbehere,11547922,D/UTIL,5400,PHI@LA 11/01/2018 10:30PM ET,PHI,3.29
D,Zach Werenski (11547920),Zach Werenski,11547920,D/UTIL,5400,CLS@SJ 11/01/2018 10:30PM ET,CLS,3.32
RW,Kasperi Kapanen (11547354),Kasperi Kapanen,11547354,W/UTIL,5300,DAL@TOR 11/01/2018 07:00PM ET,TOR,3.38
C,Max Domi (11546958),Max Domi,11546958,C/UTIL,5300,WAS@MON 11/01/2018 07:30PM ET,MON,3.77
C,Steven Stamkos (11546960),Steven Stamkos,11546960,C/UTIL,5300,NSH@TB 11/01/2018 07:30PM ET,TB,3.14
RW,Alexander Steen (11547350),Alexander Steen,11547350,W/UTIL,5300,VGK@STL 11/01/2018 08:00PM ET,STL,3.5
D,Tyson Barrie (11547926),Tyson Barrie,11547926,D/UTIL,5300,COL@CGY 11/01/2018 09:00PM ET,COL,2.96
D,Cam Fowler (11547924),Cam Fowler,11547924,D/UTIL,5300,NYR@ANH 11/01/2018 10:00PM ET,ANH,3.15
D,Jeff Petry (11547928),Jeff Petry,11547928,D/UTIL,5200,WAS@MON 11/01/2018 07:30PM ET,MON,3.32
D,Dennis Cholowski (11547930),Dennis Cholowski,11547930,D/UTIL,5200,NJ@DET 11/01/2018 07:30PM ET,DET,3.45
RW,David Perron (11547352),David Perron,11547352,W/UTIL,5200,VGK@STL 11/01/2018 08:00PM ET,STL,3.6
LW,Chris Kreider (11547362),Chris Kreider,11547362,W/UTIL,5200,NYR@ANH 11/01/2018 10:00PM ET,NYR,3.67
C,Pierre-Luc Dubois (11546962),Pierre-Luc Dubois,11546962,C/UTIL,5200,CLS@SJ 11/01/2018 10:30PM ET,CLS,3.36
D,Rasmus Ristolainen (11547934),Rasmus Ristolainen,11547934,D/UTIL,5100,BUF@OTT 11/01/2018 07:30PM ET,BUF,2.75
LW,Tyler Johnson (11547356),Tyler Johnson,11547356,W/UTIL,5100,NSH@TB 11/01/2018 07:30PM ET,TB,4.1
LW,Yanni Gourde (11547360),Yanni Gourde,11547360,W/UTIL,5100,NSH@TB 11/01/2018 07:30PM ET,TB,3.77
D,Roman Josi (11547932),Roman Josi,11547932,D/UTIL,5100,NSH@TB 11/01/2018 07:30PM ET,NSH,3.33
C,Sean Couturier (11546964),Sean Couturier,11546964,C/UTIL,5100,PHI@LA 11/01/2018 10:30PM ET,PHI,2.46
RW,Josh Anderson (11547358),Josh Anderson,11547358,W/UTIL,5100,CLS@SJ 11/01/2018 10:30PM ET,CLS,3.5
LW,William Nylander (11547368),William Nylander,11547368,W/UTIL,5000,DAL@TOR 11/01/2018 07:00PM ET,TOR,0
LW,Jonathan Drouin (11547366),Jonathan Drouin,11547366,W/UTIL,5000,WAS@MON 11/01/2018 07:30PM ET,MON,3.06
RW,Jakub Vrana (11547372),Jakub Vrana,11547372,W/UTIL,5000,WAS@MON 11/01/2018 07:30PM ET,WAS,2.7
RW,Andreas Athanasiou (11547374),Andreas Athanasiou,11547374,W/UTIL,5000,NJ@DET 11/01/2018 07:30PM ET,DET,3.18
D,Mattias Ekholm (11547936),Mattias Ekholm,11547936,D/UTIL,5000,NSH@TB 11/01/2018 07:30PM ET,NSH,3.08
D,Victor Hedman (11547938),Victor Hedman,11547938,D/UTIL,5000,NSH@TB 11/01/2018 07:30PM ET,TB,3.28
C,William Karlsson (11546966),William Karlsson,11546966,C/UTIL,5000,VGK@STL 11/01/2018 08:00PM ET,VGK,2.88
RW,Reilly Smith (11547370),Reilly Smith,11547370,W/UTIL,5000,VGK@STL 11/01/2018 08:00PM ET,VGK,2.83
D,Alex Pietrangelo (11547940),Alex Pietrangelo,11547940,D/UTIL,5000,VGK@STL 11/01/2018 08:00PM ET,STL,2.9
RW,Ty Rattie (11547364),Ty Rattie,11547364,W/UTIL,5000,CHI@EDM 11/01/2018 09:00PM ET,EDM,2.2
C,Brock Nelson (11546968),Brock Nelson,11546968,C/UTIL,4900,PIT@NYI 11/01/2018 07:00PM ET,NYI,3.36
C,Mathew Barzal (11546970),Mathew Barzal,11546970,C/UTIL,4900,PIT@NYI 11/01/2018 07:00PM ET,NYI,3.04
RW,Josh Bailey (11547378),Josh Bailey,11547378,W/UTIL,4900,PIT@NYI 11/01/2018 07:00PM ET,NYI,3.18
D,Brent Seabrook (11547942),Brent Seabrook,11547942,D/UTIL,4900,CHI@EDM 11/01/2018 09:00PM ET,CHI,3.58
D,Hampus Lindholm (11547944),Hampus Lindholm,11547944,D/UTIL,4900,NYR@ANH 11/01/2018 10:00PM ET,ANH,3.27
RW,Wayne Simmonds (11547376),Wayne Simmonds,11547376,W/UTIL,4900,PHI@LA 11/01/2018 10:30PM ET,PHI,3.12
LW,James van Riemsdyk (11547380),James van Riemsdyk,11547380,W/UTIL,4900,PHI@LA 11/01/2018 10:30PM ET,PHI,1.75
LW,Patrick Marleau (11547390),Patrick Marleau,11547390,W/UTIL,4800,DAL@TOR 11/01/2018 07:00PM ET,TOR,2.29
D,Jamie Oleksiak (11547948),Jamie Oleksiak,11547948,D/UTIL,4800,PIT@NYI 11/01/2018 07:00PM ET,PIT,3.39
LW,Paul Byron (11547386),Paul Byron,11547386,W/UTIL,4800,WAS@MON 11/01/2018 07:30PM ET,MON,3.24
D,Matt Niskanen (11547946),Matt Niskanen,11547946,D/UTIL,4800,WAS@MON 11/01/2018 07:30PM ET,WAS,2.9
RW,Sam Reinhart (11547384),Sam Reinhart,11547384,W/UTIL,4800,BUF@OTT 11/01/2018 07:30PM ET,BUF,2.5
C,J.T. Compher (11546972),J.T. Compher,11546972,C/UTIL,4800,COL@CGY 11/01/2018 09:00PM ET,COL,3.3
RW,Dustin Brown (11547388),Dustin Brown,11547388,W/UTIL,4800,PHI@LA 11/01/2018 10:30PM ET,LA,5
LW,Nick Foligno (11547382),Nick Foligno,11547382,W/UTIL,4800,CLS@SJ 11/01/2018 10:30PM ET,CLS,2.77
RW,Kevin Labanc (11547392),Kevin Labanc,11547392,W/UTIL,4800,CLS@SJ 11/01/2018 10:30PM ET,SJ,2.42
LW,Tomas Tatar (11547394),Tomas Tatar,11547394,W/UTIL,4700,WAS@MON 11/01/2018 07:30PM ET,MON,3.46
D,Maxime Lajoie (11547950),Maxime Lajoie,11547950,D/UTIL,4700,BUF@OTT 11/01/2018 07:30PM ET,OTT,3.73
RW,Craig Smith (11547398),Craig Smith,11547398,W/UTIL,4700,NSH@TB 11/01/2018 07:30PM ET,NSH,2.96
C,Erik Haula (11546976),Erik Haula,11546976,C/UTIL,4700,VGK@STL 11/01/2018 08:00PM ET,VGK,1.81
LW,Jaden Schwartz (11547400),Jaden Schwartz,11547400,W/UTIL,4700,VGK@STL 11/01/2018 08:00PM ET,STL,2.5
RW,Mats Zuccarello (11547396),Mats Zuccarello,11547396,W/UTIL,4700,NYR@ANH 11/01/2018 10:00PM ET,NYR,3.43
C,Boone Jenner (11546978),Boone Jenner,11546978,C/UTIL,4700,CLS@SJ 11/01/2018 10:30PM ET,CLS,2.73
RW,Artturi Lehkonen (11547402),Artturi Lehkonen,11547402,W/UTIL,4600,WAS@MON 11/01/2018 07:30PM ET,MON,2.77
D,Shea Weber (11547952),Shea Weber,11547952,D/UTIL,4600,WAS@MON 11/01/2018 07:30PM ET,MON,0
D,Damon Severson (11547954),Damon Severson,11547954,D/UTIL,4600,NJ@DET 11/01/2018 07:30PM ET,NJ,2.89
LW,Max Pacioretty (11547404),Max Pacioretty,11547404,W/UTIL,4600,VGK@STL 11/01/2018 08:00PM ET,VGK,2.1
C,Ryan Kesler (11546974),Ryan Kesler,11546974,C/UTIL,4600,NYR@ANH 11/01/2018 10:00PM ET,ANH,2.5
C,Jeff Carter (11546980),Jeff Carter,11546980,C/UTIL,4600,PHI@LA 11/01/2018 10:30PM ET,LA,2.68
D,Ryan McDonagh (11547960),Ryan McDonagh,11547960,D/UTIL,4500,NSH@TB 11/01/2018 07:30PM ET,TB,3.64
C,Paul Stastny (11546982),Paul Stastny,11546982,C/UTIL,4500,VGK@STL 11/01/2018 08:00PM ET,VGK,2
D,Henri Jokiharju (11547956),Henri Jokiharju,11547956,D/UTIL,4500,CHI@EDM 11/01/2018 09:00PM ET,CHI,3.04
D,Darnell Nurse (11547958),Darnell Nurse,11547958,D/UTIL,4500,CHI@EDM 11/01/2018 09:00PM ET,EDM,3.18
LW,Ondrej Kase (11547408),Ondrej Kase,11547408,W/UTIL,4500,NYR@ANH 11/01/2018 10:00PM ET,ANH,0
D,Tony DeAngelo (11547962),Tony DeAngelo,11547962,D/UTIL,4500,NYR@ANH 11/01/2018 10:00PM ET,NYR,3.25
RW,Tyler Toffoli (11547410),Tyler Toffoli,11547410,W/UTIL,4500,PHI@LA 11/01/2018 10:30PM ET,LA,2.68
RW,Joonas Donskoi (11547406),Joonas Donskoi,11547406,W/UTIL,4500,CLS@SJ 11/01/2018 10:30PM ET,SJ,2.92
C,Jason Spezza (11546984),Jason Spezza,11546984,C/UTIL,4400,DAL@TOR 11/01/2018 07:00PM ET,DAL,2.59
RW,Tom Wilson (11547412),Tom Wilson,11547412,W/UTIL,4400,WAS@MON 11/01/2018 07:30PM ET,WAS,0
LW,Conor Sheary (11547418),Conor Sheary,11547418,W/UTIL,4400,BUF@OTT 11/01/2018 07:30PM ET,BUF,2.29
RW,Gustav Nyquist (11547416),Gustav Nyquist,11547416,W/UTIL,4400,NJ@DET 11/01/2018 07:30PM ET,DET,2.92
D,Mike Green (11547972),Mike Green,11547972,D/UTIL,4400,NJ@DET 11/01/2018 07:30PM ET,DET,3.17
LW,J.T. Miller (11547414),J.T. Miller,11547414,W/UTIL,4400,NSH@TB 11/01/2018 07:30PM ET,TB,2.88
D,Ryan Ellis (11547966),Ryan Ellis,11547966,D/UTIL,4400,NSH@TB 11/01/2018 07:30PM ET,NSH,2.75
D,Colton Parayko (11547968),Colton Parayko,11547968,D/UTIL,4400,VGK@STL 11/01/2018 08:00PM ET,STL,2.95
D,Ian Cole (11547970),Ian Cole,11547970,D/UTIL,4400,COL@CGY 11/01/2018 09:00PM ET,COL,2.67
D,Duncan Keith (11547964),Duncan Keith,11547964,D/UTIL,4400,CHI@EDM 11/01/2018 09:00PM ET,CHI,3.21
C,Derick Brassard (11546986),Derick Brassard,11546986,C/UTIL,4300,PIT@NYI 11/01/2018 07:00PM ET,PIT,2.31
RW,Brett Connolly (11547424),Brett Connolly,11547424,W/UTIL,4300,WAS@MON 11/01/2018 07:30PM ET,WAS,2.55
C,Jean-Gabriel Pageau (11546988),Jean-Gabriel Pageau,11546988,C/UTIL,4300,BUF@OTT 11/01/2018 07:30PM ET,OTT,0
RW,Bobby Ryan (11547420),Bobby Ryan,11547420,W/UTIL,4300,BUF@OTT 11/01/2018 07:30PM ET,OTT,2.36
D,Will Butcher (11547980),Will Butcher,11547980,D/UTIL,4300,NJ@DET 11/01/2018 07:30PM ET,NJ,2.22
D,Mikhail Sergachev (11547978),Mikhail Sergachev,11547978,D/UTIL,4300,NSH@TB 11/01/2018 07:30PM ET,TB,2.23
LW,Brandon Saad (11547422),Brandon Saad,11547422,W/UTIL,4300,CHI@EDM 11/01/2018 09:00PM ET,CHI,2.5
D,Kris Russell (11547976),Kris Russell,11547976,D/UTIL,4300,CHI@EDM 11/01/2018 09:00PM ET,EDM,2.82
D,Neal Pionk (11547974),Neal Pionk,11547974,D/UTIL,4300,NYR@ANH 11/01/2018 10:00PM ET,NYR,3.45
D,Jake Gardiner (11547992),Jake Gardiner,11547992,D/UTIL,4200,DAL@TOR 11/01/2018 07:00PM ET,TOR,2.12
RW,Dominik Simon (11547426),Dominik Simon,11547426,W/UTIL,4200,PIT@NYI 11/01/2018 07:00PM ET,PIT,2.65
RW,Jordan Eberle (11547428),Jordan Eberle,11547428,W/UTIL,4200,PIT@NYI 11/01/2018 07:00PM ET,NYI,2.68
D,Justin Schultz (11547990),Justin Schultz,11547990,D/UTIL,4200,PIT@NYI 11/01/2018 07:00PM ET,PIT,2.62
C,Phillip Danault (11546994),Phillip Danault,11546994,C/UTIL,4200,WAS@MON 11/01/2018 07:30PM ET,MON,2
D,Cody Ceci (11547986),Cody Ceci,11547986,D/UTIL,4200,BUF@OTT 11/01/2018 07:30PM ET,OTT,2.64
D,Shea Theodore (11547994),Shea Theodore,11547994,D/UTIL,4200,VGK@STL 11/01/2018 08:00PM ET,VGK,2.54
C,Carl Soderberg (11546990),Carl Soderberg,11546990,C/UTIL,4200,COL@CGY 11/01/2018 09:00PM ET,COL,2.96
C,Mikael Backlund (11546992),Mikael Backlund,11546992,C/UTIL,4200,COL@CGY 11/01/2018 09:00PM ET,CGY,2.15
RW,Kailer Yamamoto (11547430),Kailer Yamamoto,11547430,W/UTIL,4200,CHI@EDM 11/01/2018 09:00PM ET,EDM,1.41
D,Robert Hagg (11547988),Robert Hagg,11547988,D/UTIL,4200,PHI@LA 11/01/2018 10:30PM ET,PHI,2.83
C,Kyle Turris (11546996),Kyle Turris,11546996,C/UTIL,4100,NSH@TB 11/01/2018 07:30PM ET,NSH,2.58
D,Joel Edmundson (11547982),Joel Edmundson,11547982,D/UTIL,4100,VGK@STL 11/01/2018 08:00PM ET,STL,3
D,Erik Johnson (11547984),Erik Johnson,11547984,D/UTIL,4100,COL@CGY 11/01/2018 09:00PM ET,COL,2.75
LW,Alex Iafallo (11547434),Alex Iafallo,11547434,W/UTIL,4100,PHI@LA 11/01/2018 10:30PM ET,LA,2.46
D,Alec Martinez (11547996),Alec Martinez,11547996,D/UTIL,4100,PHI@LA 11/01/2018 10:30PM ET,LA,2.54
C,Joe Thornton (11546998),Joe Thornton,11546998,C/UTIL,4100,CLS@SJ 11/01/2018 10:30PM ET,SJ,1.33
LW,Anthony Duclair (11547432),Anthony Duclair,11547432,W/UTIL,4100,CLS@SJ 11/01/2018 10:30PM ET,CLS,2.46
D,Marc-Edouard Vlasic (11547998),Marc-Edouard Vlasic,11547998,D/UTIL,4100,CLS@SJ 11/01/2018 10:30PM ET,SJ,2.33
LW,Zach Hyman (11547440),Zach Hyman,11547440,W/UTIL,4000,DAL@TOR 11/01/2018 07:00PM ET,TOR,2.12
LW,Andrew Ladd (11547448),Andrew Ladd,11547448,W/UTIL,4000,PIT@NYI 11/01/2018 07:00PM ET,NYI,2.88
D,Jack Johnson (11548002),Jack Johnson,11548002,D/UTIL,4000,PIT@NYI 11/01/2018 07:00PM ET,PIT,2.45
C,Travis Zajac (11547002),Travis Zajac,11547002,C/UTIL,4000,NJ@DET 11/01/2018 07:30PM ET,NJ,2.69
RW,Blake Coleman (11547438),Blake Coleman,11547438,W/UTIL,4000,NJ@DET 11/01/2018 07:30PM ET,NJ,2.22
LW,Zach Sanford (11547468),Zach Sanford,11547468,W/UTIL,4000,VGK@STL 11/01/2018 08:00PM ET,STL,4
LW,Sven Andrighetto (11547442),Sven Andrighetto,11547442,W/UTIL,4000,COL@CGY 11/01/2018 09:00PM ET,COL,2.08
RW,Michael Frolik (11547444),Michael Frolik,11547444,W/UTIL,4000,COL@CGY 11/01/2018 09:00PM ET,CGY,2.33
C,Artem Anisimov (11547006),Artem Anisimov,11547006,C/UTIL,4000,CHI@EDM 11/01/2018 09:00PM ET,CHI,2.08
D,Erik Gustafsson (11548000),Erik Gustafsson,11548000,D/UTIL,4000,CHI@EDM 11/01/2018 09:00PM ET,CHI,2.75
LW,Vladislav Namestnikov (11547008),Vladislav Namestnikov,11547008,W/UTIL,4000,NYR@ANH 11/01/2018 10:00PM ET,NYR,1.64
LW,Adam Henrique (11547436),Adam Henrique,11547436,W/UTIL,4000,NYR@ANH 11/01/2018 10:00PM ET,ANH,2.15
D,Kevin Shattenkirk (11548006),Kevin Shattenkirk,11548006,D/UTIL,4000,NYR@ANH 11/01/2018 10:00PM ET,NYR,2.54
RW,Travis Konecny (11547446),Travis Konecny,11547446,W/UTIL,4000,PHI@LA 11/01/2018 10:30PM ET,PHI,2.08
D,Ivan Provorov (11548004),Ivan Provorov,11548004,D/UTIL,4000,PHI@LA 11/01/2018 10:30PM ET,PHI,2.54
C,Brandon Dubinsky (11547004),Brandon Dubinsky,11547004,C/UTIL,4000,CLS@SJ 11/01/2018 10:30PM ET,CLS,3.5
D,Scott Mayfield (11548008),Scott Mayfield,11548008,D/UTIL,3900,PIT@NYI 11/01/2018 07:00PM ET,NYI,2.5
D,Ryan Pulock (11548010),Ryan Pulock,11548010,D/UTIL,3900,PIT@NYI 11/01/2018 07:00PM ET,NYI,2.59
C,Lars Eller (11547000),Lars Eller,11547000,C/UTIL,3900,WAS@MON 11/01/2018 07:30PM ET,WAS,2.25
LW,Mikkel Boedker (11547450),Mikkel Boedker,11547450,W/UTIL,3900,BUF@OTT 11/01/2018 07:30PM ET,OTT,2.23
LW,Anthony Mantha (11547454),Anthony Mantha,11547454,W/UTIL,3900,NJ@DET 11/01/2018 07:30PM ET,DET,2.25
RW,James Neal (11547452),James Neal,11547452,W/UTIL,3900,COL@CGY 11/01/2018 09:00PM ET,CGY,2.08
RW,Dominik Kahun (11547456),Dominik Kahun,11547456,W/UTIL,3900,CHI@EDM 11/01/2018 09:00PM ET,CHI,2.33
RW,Justin Dowling (11547474),Justin Dowling,11547474,W/UTIL,3800,DAL@TOR 11/01/2018 07:00PM ET,DAL,1.12
D,Esa Lindell (11548022),Esa Lindell,11548022,D/UTIL,3800,DAL@TOR 11/01/2018 07:00PM ET,DAL,2.68
LW,Carl Hagelin (11547458),Carl Hagelin,11547458,W/UTIL,3800,PIT@NYI 11/01/2018 07:00PM ET,PIT,1.9
D,Johnny Boychuk (11548016),Johnny Boychuk,11548016,D/UTIL,3800,PIT@NYI 11/01/2018 07:00PM ET,NYI,2.18
C,Colin White (11547012),Colin White,11547012,C/UTIL,3800,BUF@OTT 11/01/2018 07:30PM ET,OTT,2.27
D,Rasmus Dahlin (11548024),Rasmus Dahlin,11548024,D/UTIL,3800,BUF@OTT 11/01/2018 07:30PM ET,BUF,1.58
RW,Jean-Sebastien Dea (11547460),Jean-Sebastien Dea,11547460,W/UTIL,3800,NJ@DET 11/01/2018 07:30PM ET,NJ,2.17
D,Andy Greene (11548012),Andy Greene,11548012,D/UTIL,3800,NJ@DET 11/01/2018 07:30PM ET,NJ,2.33
D,Brad Hunt (11548020),Brad Hunt,11548020,D/UTIL,3800,VGK@STL 11/01/2018 08:00PM ET,VGK,2.33
D,Brandon Montour (11548018),Brandon Montour,11548018,D/UTIL,3800,NYR@ANH 11/01/2018 10:00PM ET,ANH,2.19
D,David Savard (11548014),David Savard,11548014,D/UTIL,3800,CLS@SJ 11/01/2018 10:30PM ET,CLS,2.18
D,Miro Heiskanen (11548032),Miro Heiskanen,11548032,D/UTIL,3700,DAL@TOR 11/01/2018 07:00PM ET,DAL,2.46
LW,Anthony Beauvillier (11547470),Anthony Beauvillier,11547470,W/UTIL,3700,PIT@NYI 11/01/2018 07:00PM ET,NYI,1.4
D,Brian Dumoulin (11548034),Brian Dumoulin,11548034,D/UTIL,3700,PIT@NYI 11/01/2018 07:00PM ET,PIT,2.1
C,Zack Smith (11547010),Zack Smith,11547010,C/UTIL,3700,BUF@OTT 11/01/2018 07:30PM ET,OTT,2.39
D,Dylan DeMelo (11548026),Dylan DeMelo,11548026,D/UTIL,3700,BUF@OTT 11/01/2018 07:30PM ET,OTT,2.5
D,Jake McCabe (11548030),Jake McCabe,11548030,D/UTIL,3700,BUF@OTT 11/01/2018 07:30PM ET,BUF,2.68
LW,Miles Wood (11547466),Miles Wood,11547466,W/UTIL,3700,NJ@DET 11/01/2018 07:30PM ET,NJ,2.56
C,Tyler Bozak (11547014),Tyler Bozak,11547014,C/UTIL,3700,VGK@STL 11/01/2018 08:00PM ET,STL,2.15
D,Colin Miller (11548038),Colin Miller,11548038,D/UTIL,3700,VGK@STL 11/01/2018 08:00PM ET,VGK,2.08
D,Travis Hamonic (11548036),Travis Hamonic,11548036,D/UTIL,3700,COL@CGY 11/01/2018 09:00PM ET,CGY,2.5
RW,Nick Schmaltz (11547462),Nick Schmaltz,11547462,W/UTIL,3700,CHI@EDM 11/01/2018 09:00PM ET,CHI,2.25
LW,Tobias Rieder (11547464),Tobias Rieder,11547464,W/UTIL,3700,CHI@EDM 11/01/2018 09:00PM ET,EDM,2.09
RW,Ryan Spooner (11547472),Ryan Spooner,11547472,W/UTIL,3700,NYR@ANH 11/01/2018 10:00PM ET,NYR,1.54
D,Ryan Murray (11548028),Ryan Murray,11548028,D/UTIL,3700,CLS@SJ 11/01/2018 10:30PM ET,CLS,2.5
D,Ron Hainsey (11548042),Ron Hainsey,11548042,D/UTIL,3600,DAL@TOR 11/01/2018 07:00PM ET,TOR,2.29
D,Nick Leddy (11548046),Nick Leddy,11548046,D/UTIL,3600,PIT@NYI 11/01/2018 07:00PM ET,NYI,1.27
RW,Joel Armia (11547476),Joel Armia,11547476,W/UTIL,3600,WAS@MON 11/01/2018 07:30PM ET,MON,2.5
LW,Marcus Johansson (11547484),Marcus Johansson,11547484,W/UTIL,3600,NJ@DET 11/01/2018 07:30PM ET,NJ,1.69
RW,Pat Maroon (11547478),Pat Maroon,11547478,W/UTIL,3600,VGK@STL 11/01/2018 08:00PM ET,STL,2.3
RW,Alex Chiasson (11547480),Alex Chiasson,11547480,W/UTIL,3600,CHI@EDM 11/01/2018 09:00PM ET,EDM,2.83
C,Kevin Hayes (11547020),Kevin Hayes,11547020,C/UTIL,3600,NYR@ANH 11/01/2018 10:00PM ET,NYR,2
RW,Jesper Fast (11547482),Jesper Fast,11547482,W/UTIL,3600,NYR@ANH 11/01/2018 10:00PM ET,NYR,2.46
D,Brady Skjei (11548044),Brady Skjei,11548044,D/UTIL,3600,NYR@ANH 11/01/2018 10:00PM ET,NYR,2.54
D,Markus Nutivaara (11548040),Markus Nutivaara,11548040,D/UTIL,3600,CLS@SJ 11/01/2018 10:30PM ET,CLS,2.54
C,Matt Cullen (11547016),Matt Cullen,11547016,C/UTIL,3500,PIT@NYI 11/01/2018 07:00PM ET,PIT,1.65
D,David Schlemko (11548050),David Schlemko,11548050,D/UTIL,3500,WAS@MON 11/01/2018 07:30PM ET,MON,0
LW,Jesper Bratt (11547490),Jesper Bratt,11547490,W/UTIL,3500,NJ@DET 11/01/2018 07:30PM ET,NJ,0
RW,Darren Helm (11547494),Darren Helm,11547494,W/UTIL,3500,NJ@DET 11/01/2018 07:30PM ET,DET,2.04
D,Steven Santini (11548052),Steven Santini,11548052,D/UTIL,3500,NJ@DET 11/01/2018 07:30PM ET,NJ,0
D,Nick Jensen (11548054),Nick Jensen,11548054,D/UTIL,3500,NJ@DET 11/01/2018 07:30PM ET,DET,2.32
LW,Ondrej Palat (11547492),Ondrej Palat,11547492,W/UTIL,3500,NSH@TB 11/01/2018 07:30PM ET,TB,1.83
C,Alexander Kerfoot (11547018),Alexander Kerfoot,11547018,C/UTIL,3500,COL@CGY 11/01/2018 09:00PM ET,COL,2.29
RW,Drake Caggiula (11547486),Drake Caggiula,11547486,W/UTIL,3500,CHI@EDM 11/01/2018 09:00PM ET,EDM,1.93
D,Adam Larsson (11548048),Adam Larsson,11548048,D/UTIL,3500,CHI@EDM 11/01/2018 09:00PM ET,EDM,2.04
D,Jake Muzzin (11548056),Jake Muzzin,11548056,D/UTIL,3500,PHI@LA 11/01/2018 10:30PM ET,LA,2.09
RW,Oliver Bjorkstrand (11547488),Oliver Bjorkstrand,11547488,W/UTIL,3500,CLS@SJ 11/01/2018 10:30PM ET,CLS,1.54
C,Radek Faksa (11547022),Radek Faksa,11547022,C/UTIL,3400,DAL@TOR 11/01/2018 07:00PM ET,DAL,2.04
RW,Connor Brown (11547506),Connor Brown,11547506,W/UTIL,3400,DAL@TOR 11/01/2018 07:00PM ET,TOR,1.79
D,Stephen Johns (11548062),Stephen Johns,11548062,D/UTIL,3400,DAL@TOR 11/01/2018 07:00PM ET,DAL,0
D,Xavier Ouellet (11548060),Xavier Ouellet,11548060,D/UTIL,3400,WAS@MON 11/01/2018 07:30PM ET,MON,2.32
RW,Tyler Bertuzzi (11547496),Tyler Bertuzzi,11547496,W/UTIL,3400,NJ@DET 11/01/2018 07:30PM ET,DET,2.38
RW,Austin Watson (11547498),Austin Watson,11547498,W/UTIL,3400,NSH@TB 11/01/2018 07:30PM ET,NSH,0
LW,Alex Killorn (11547502),Alex Killorn,11547502,W/UTIL,3400,NSH@TB 11/01/2018 07:30PM ET,TB,2.09
D,Noah Hanifin (11548064),Noah Hanifin,11548064,D/UTIL,3400,COL@CGY 11/01/2018 09:00PM ET,CGY,1.88
D,Samuel Girard (11548066),Samuel Girard,11548066,D/UTIL,3400,COL@CGY 11/01/2018 09:00PM ET,COL,1.75
LW,Jimmy Vesey (11547500),Jimmy Vesey,11547500,W/UTIL,3400,NYR@ANH 11/01/2018 10:00PM ET,NYR,2.04
LW,Andrew Cogliano (11547504),Andrew Cogliano,11547504,W/UTIL,3400,NYR@ANH 11/01/2018 10:00PM ET,ANH,1.81
C,Nolan Patrick (11547024),Nolan Patrick,11547024,C/UTIL,3400,PHI@LA 11/01/2018 10:30PM ET,PHI,2.06
D,Radko Gudas (11548058),Radko Gudas,11548058,D/UTIL,3400,PHI@LA 11/01/2018 10:30PM ET,PHI,2.41
C,Martin Hanzal (11547034),Martin Hanzal,11547034,C/UTIL,3300,DAL@TOR 11/01/2018 07:00PM ET,DAL,0
RW,Tyler Pitlick (11547512),Tyler Pitlick,11547512,W/UTIL,3300,DAL@TOR 11/01/2018 07:00PM ET,DAL,1.65
LW,Andreas Johnsson (11547514),Andreas Johnsson,11547514,W/UTIL,3300,DAL@TOR 11/01/2018 07:00PM ET,TOR,0.79
D,Connor Carrick (11548072),Connor Carrick,11548072,D/UTIL,3300,DAL@TOR 11/01/2018 07:00PM ET,DAL,2.17
C,Casey Cizikas (11547026),Casey Cizikas,11547026,C/UTIL,3300,PIT@NYI 11/01/2018 07:00PM ET,NYI,2.7
D,Olli Maatta (11548080),Olli Maatta,11548080,D/UTIL,3300,PIT@NYI 11/01/2018 07:00PM ET,PIT,1.61
LW,Andre Burakovsky (11547518),Andre Burakovsky,11547518,W/UTIL,3300,WAS@MON 11/01/2018 07:30PM ET,WAS,1.2
D,Mike Reilly (11548070),Mike Reilly,11548070,D/UTIL,3300,WAS@MON 11/01/2018 07:30PM ET,MON,2.18
C,Casey Mittelstadt (11547032),Casey Mittelstadt,11547032,C/UTIL,3300,BUF@OTT 11/01/2018 07:30PM ET,BUF,1.46
LW,Evan Rodrigues (11547508),Evan Rodrigues,11547508,W/UTIL,3300,BUF@OTT 11/01/2018 07:30PM ET,BUF,2.1
D,Zach Bogosian (11548068),Zach Bogosian,11548068,D/UTIL,3300,BUF@OTT 11/01/2018 07:30PM ET,BUF,2.43
D,Chris Wideman (11548076),Chris Wideman,11548076,D/UTIL,3300,BUF@OTT 11/01/2018 07:30PM ET,OTT,2
C,Frans Nielsen (11547028),Frans Nielsen,11547028,C/UTIL,3300,NJ@DET 11/01/2018 07:30PM ET,DET,2.09
D,Trevor Daley (11548078),Trevor Daley,11548078,D/UTIL,3300,NJ@DET 11/01/2018 07:30PM ET,DET,1.94
LW,Kevin Fiala (11547516),Kevin Fiala,11547516,W/UTIL,3300,NSH@TB 11/01/2018 07:30PM ET,NSH,2.04
RW,Ryan Hartman (11547524),Ryan Hartman,11547524,W/UTIL,3300,NSH@TB 11/01/2018 07:30PM ET,NSH,2.25
LW,Robby Fabbri (11547522),Robby Fabbri,11547522,W/UTIL,3300,VGK@STL 11/01/2018 08:00PM ET,STL,0
D,T.J. Brodie (11548082),T.J. Brodie,11548082,D/UTIL,3300,COL@CGY 11/01/2018 09:00PM ET,CGY,1.85
RW,Pavel Buchnevich (11547510),Pavel Buchnevich,11547510,W/UTIL,3300,NYR@ANH 11/01/2018 10:00PM ET,NYR,2.1
D,Josh Manson (11548074),Josh Manson,11548074,D/UTIL,3300,NYR@ANH 11/01/2018 10:00PM ET,ANH,1.92
RW,Tanner Pearson (11547520),Tanner Pearson,11547520,W/UTIL,3300,PHI@LA 11/01/2018 10:30PM ET,LA,1.09
C,Antti Suomela (11547030),Antti Suomela,11547030,C/UTIL,3300,CLS@SJ 11/01/2018 10:30PM ET,SJ,2.04
LW,Devin Shore (11547532),Devin Shore,11547532,W/UTIL,3200,DAL@TOR 11/01/2018 07:00PM ET,DAL,2.36
D,Nikita Zaitsev (11548098),Nikita Zaitsev,11548098,D/UTIL,3200,DAL@TOR 11/01/2018 07:00PM ET,TOR,1.62
C,Valtteri Filppula (11547038),Valtteri Filppula,11547038,C/UTIL,3200,PIT@NYI 11/01/2018 07:00PM ET,NYI,2.32
LW,Bryan Rust (11547526),Bryan Rust,11547526,W/UTIL,3200,PIT@NYI 11/01/2018 07:00PM ET,PIT,1.85
D,Adam Pelech (11548086),Adam Pelech,11548086,D/UTIL,3200,PIT@NYI 11/01/2018 07:00PM ET,NYI,2.35
D,Dmitry Orlov (11548100),Dmitry Orlov,11548100,D/UTIL,3200,WAS@MON 11/01/2018 07:30PM ET,WAS,1.6
D,Marco Scandella (11548092),Marco Scandella,11548092,D/UTIL,3200,BUF@OTT 11/01/2018 07:30PM ET,BUF,1.71
D,Matt Hunwick (11548094),Matt Hunwick,11548094,D/UTIL,3200,BUF@OTT 11/01/2018 07:30PM ET,BUF,0
D,Nate Schmidt (11548090),Nate Schmidt,11548090,D/UTIL,3200,VGK@STL 11/01/2018 08:00PM ET,VGK,0
LW,Sam Bennett (11547530),Sam Bennett,11547530,W/UTIL,3200,COL@CGY 11/01/2018 09:00PM ET,CGY,1.5
D,Michael Stone (11548096),Michael Stone,11548096,D/UTIL,3200,COL@CGY 11/01/2018 09:00PM ET,CGY,1.8
D,Connor Murphy (11548084),Connor Murphy,11548084,D/UTIL,3200,CHI@EDM 11/01/2018 09:00PM ET,CHI,0
D,Matt Benning (11548088),Matt Benning,11548088,D/UTIL,3200,CHI@EDM 11/01/2018 09:00PM ET,EDM,1.5
RW,Nick Ritchie (11547528),Nick Ritchie,11547528,W/UTIL,3200,NYR@ANH 11/01/2018 10:00PM ET,ANH,2.25
RW,Trevor Lewis (11547036),Trevor Lewis,11547036,W/UTIL,3200,PHI@LA 11/01/2018 10:30PM ET,LA,1.91
C,Alexander Wennberg (11547040),Alexander Wennberg,11547040,C/UTIL,3200,CLS@SJ 11/01/2018 10:30PM ET,CLS,1.54
C,Par Lindholm (11547046),Par Lindholm,11547046,C/UTIL,3100,DAL@TOR 11/01/2018 07:00PM ET,TOR,1.79
LW,Gemel Smith (11547538),Gemel Smith,11547538,W/UTIL,3100,DAL@TOR 11/01/2018 07:00PM ET,DAL,1.25
C,Vladimir Sobotka (11547044),Vladimir Sobotka,11547044,C/UTIL,3100,BUF@OTT 11/01/2018 07:30PM ET,BUF,1.22
LW,Alex Formenton (11547540),Alex Formenton,11547540,W/UTIL,3100,BUF@OTT 11/01/2018 07:30PM ET,OTT,1.69
LW,Calle Jarnkrok (11547542),Calle Jarnkrok,11547542,W/UTIL,3100,NSH@TB 11/01/2018 07:30PM ET,NSH,1.29
C,Cody Eakin (11547042),Cody Eakin,11547042,C/UTIL,3100,VGK@STL 11/01/2018 08:00PM ET,VGK,2.06
RW,Marko Dano (11547534),Marko Dano,11547534,W/UTIL,3100,COL@CGY 11/01/2018 09:00PM ET,COL,0.38
D,Mark Barberio (11548108),Mark Barberio,11548108,D/UTIL,3100,COL@CGY 11/01/2018 09:00PM ET,COL,1.5
LW,Milan Lucic (11547536),Milan Lucic,11547536,W/UTIL,3100,CHI@EDM 11/01/2018 09:00PM ET,EDM,1.46
D,Jan Rutta (11548106),Jan Rutta,11548106,D/UTIL,3100,CHI@EDM 11/01/2018 09:00PM ET,CHI,1.86
C,Filip Chytil (11547048),Filip Chytil,11547048,C/UTIL,3100,NYR@ANH 11/01/2018 10:00PM ET,NYR,1.17
D,Travis Sanheim (11548104),Travis Sanheim,11548104,D/UTIL,3100,PHI@LA 11/01/2018 10:30PM ET,PHI,2
D,Scott Harrington (11548102),Scott Harrington,11548102,D/UTIL,3100,CLS@SJ 11/01/2018 10:30PM ET,CLS,1.75
RW,Mattias Janmark (11547562),Mattias Janmark,11547562,W/UTIL,3000,DAL@TOR 11/01/2018 07:00PM ET,DAL,1.36
D,Julius Honka (11548112),Julius Honka,11548112,D/UTIL,3000,DAL@TOR 11/01/2018 07:00PM ET,DAL,1.69
LW,Patrik Berglund (11547548),Patrik Berglund,11547548,W/UTIL,3000,BUF@OTT 11/01/2018 07:30PM ET,BUF,1.64
C,Jacob De La Rose (11547054),Jacob De La Rose,11547054,C/UTIL,3000,NJ@DET 11/01/2018 07:30PM ET,DET,0.17
LW,Brian Boyle (11547546),Brian Boyle,11547546,W/UTIL,3000,NJ@DET 11/01/2018 07:30PM ET,NJ,2.5
LW,Thomas Vanek (11547556),Thomas Vanek,11547556,W/UTIL,3000,NJ@DET 11/01/2018 07:30PM ET,DET,1.62
D,Mirco Mueller (11548114),Mirco Mueller,11548114,D/UTIL,3000,NJ@DET 11/01/2018 07:30PM ET,NJ,2.11
D,Anton Stralman (11548122),Anton Stralman,11548122,D/UTIL,3000,NSH@TB 11/01/2018 07:30PM ET,TB,1.82
LW,Tomas Hyka (11547560),Tomas Hyka,11547560,W/UTIL,3000,VGK@STL 11/01/2018 08:00PM ET,VGK,1.07
RW,Austin Czarnik (11547544),Austin Czarnik,11547544,W/UTIL,3000,COL@CGY 11/01/2018 09:00PM ET,CGY,2.06
D,Rasmus Andersson (11548120),Rasmus Andersson,11548120,D/UTIL,3000,COL@CGY 11/01/2018 09:00PM ET,CGY,1.77
LW,Alexandre Fortin (11547558),Alexandre Fortin,11547558,W/UTIL,3000,CHI@EDM 11/01/2018 09:00PM ET,CHI,1.89
C,Brett Howden (11547052),Brett Howden,11547052,C/UTIL,3000,NYR@ANH 11/01/2018 10:00PM ET,NYR,2
C,Sam Steel (11547056),Sam Steel,11547056,C/UTIL,3000,NYR@ANH 11/01/2018 10:00PM ET,ANH,1.35
LW,Max Comtois (11547550),Max Comtois,11547550,W/UTIL,3000,NYR@ANH 11/01/2018 10:00PM ET,ANH,2.2
LW,Ben Street (11547552),Ben Street,11547552,W/UTIL,3000,NYR@ANH 11/01/2018 10:00PM ET,ANH,1.79
LW,Pontus Aberg (11547554),Pontus Aberg,11547554,W/UTIL,3000,NYR@ANH 11/01/2018 10:00PM ET,ANH,2.64
C,Scott Laughton (11547050),Scott Laughton,11547050,C/UTIL,3000,PHI@LA 11/01/2018 10:30PM ET,PHI,2.17
D,Paul LaDue (11548110),Paul LaDue,11548110,D/UTIL,3000,PHI@LA 11/01/2018 10:30PM ET,LA,1.2
D,Andrew MacDonald (11548118),Andrew MacDonald,11548118,D/UTIL,3000,PHI@LA 11/01/2018 10:30PM ET,PHI,1.75
D,Justin Braun (11548116),Justin Braun,11548116,D/UTIL,3000,CLS@SJ 11/01/2018 10:30PM ET,SJ,1.88
C,Jason Dickinson (11547058),Jason Dickinson,11547058,C/UTIL,2900,DAL@TOR 11/01/2018 07:00PM ET,DAL,2.11
RW,Ross Johnston (11547568),Ross Johnston,11547568,W/UTIL,2900,PIT@NYI 11/01/2018 07:00PM ET,NYI,2.5
LW,Riley Sheahan (11547570),Riley Sheahan,11547570,W/UTIL,2900,PIT@NYI 11/01/2018 07:00PM ET,PIT,1.4
D,Thomas Hickey (11548130),Thomas Hickey,11548130,D/UTIL,2900,PIT@NYI 11/01/2018 07:00PM ET,NYI,1.23
C,Jesperi Kotkaniemi (11547064),Jesperi Kotkaniemi,11547064,C/UTIL,2900,WAS@MON 11/01/2018 07:30PM ET,MON,1.64
RW,Marian Gaborik (11547564),Marian Gaborik,11547564,W/UTIL,2900,BUF@OTT 11/01/2018 07:30PM ET,OTT,0
C,Luke Glendening (11547068),Luke Glendening,11547068,C/UTIL,2900,NJ@DET 11/01/2018 07:30PM ET,DET,1.62
D,Danny DeKeyser (11548128),Danny DeKeyser,11548128,D/UTIL,2900,NJ@DET 11/01/2018 07:30PM ET,DET,1.8
C,Colton Sissons (11547066),Colton Sissons,11547066,C/UTIL,2900,NSH@TB 11/01/2018 07:30PM ET,NSH,1.42
C,Anthony Cirelli (11547070),Anthony Cirelli,11547070,C/UTIL,2900,NSH@TB 11/01/2018 07:30PM ET,TB,1.96
D,Dan Girardi (11548126),Dan Girardi,11548126,D/UTIL,2900,NSH@TB 11/01/2018 07:30PM ET,TB,1.68
D,Brayden McNabb (11548132),Brayden McNabb,11548132,D/UTIL,2900,VGK@STL 11/01/2018 08:00PM ET,VGK,1.17
RW,Colin Wilson (11547566),Colin Wilson,11547566,W/UTIL,2900,COL@CGY 11/01/2018 09:00PM ET,COL,1.88
LW,Matt Nieto (11547572),Matt Nieto,11547572,W/UTIL,2900,COL@CGY 11/01/2018 09:00PM ET,COL,1.67
LW,Dillon Dube (11547578),Dillon Dube,11547578,W/UTIL,2900,COL@CGY 11/01/2018 09:00PM ET,CGY,1.08
D,Evan Bouchard (11548124),Evan Bouchard,11548124,D/UTIL,2900,CHI@EDM 11/01/2018 09:00PM ET,EDM,1.71
RW,Kiefer Sherwood (11547574),Kiefer Sherwood,11547574,W/UTIL,2900,NYR@ANH 11/01/2018 10:00PM ET,ANH,1.58
C,Adrian Kempe (11547060),Adrian Kempe,11547060,C/UTIL,2900,PHI@LA 11/01/2018 10:30PM ET,LA,1.54
C,Jordan Weal (11547062),Jordan Weal,11547062,C/UTIL,2900,PHI@LA 11/01/2018 10:30PM ET,PHI,1.59
LW,Oskar Lindblom (11547576),Oskar Lindblom,11547576,W/UTIL,2900,PHI@LA 11/01/2018 10:30PM ET,PHI,1.75
LW,Valeri Nichushkin (11547580),Valeri Nichushkin,11547580,W/UTIL,2800,DAL@TOR 11/01/2018 07:00PM ET,DAL,1.5
C,Derek Grant (11547072),Derek Grant,11547072,C/UTIL,2800,PIT@NYI 11/01/2018 07:00PM ET,PIT,0.5
RW,Daniel Sprong (11547584),Daniel Sprong,11547584,W/UTIL,2800,PIT@NYI 11/01/2018 07:00PM ET,PIT,1.67
RW,Leo Komarov (11547588),Leo Komarov,11547588,W/UTIL,2800,PIT@NYI 11/01/2018 07:00PM ET,NYI,1.77
LW,Devante Smith-Pelly (11547596),Devante Smith-Pelly,11547596,W/UTIL,2800,WAS@MON 11/01/2018 07:30PM ET,WAS,1.4
D,Brooks Orpik (11548134),Brooks Orpik,11548134,D/UTIL,2800,WAS@MON 11/01/2018 07:30PM ET,WAS,1.6
D,Michal Kempny (11548140),Michal Kempny,11548140,D/UTIL,2800,WAS@MON 11/01/2018 07:30PM ET,WAS,1.5
D,Jordie Benn (11548144),Jordie Benn,11548144,D/UTIL,2800,WAS@MON 11/01/2018 07:30PM ET,MON,1.46
D,Christian Wolanin (11548136),Christian Wolanin,11548136,D/UTIL,2800,BUF@OTT 11/01/2018 07:30PM ET,OTT,1
RW,Stefan Noesen (11547586),Stefan Noesen,11547586,W/UTIL,2800,NJ@DET 11/01/2018 07:30PM ET,NJ,1.61
LW,Justin Abdelkader (11547600),Justin Abdelkader,11547600,W/UTIL,2800,NJ@DET 11/01/2018 07:30PM ET,DET,1.21
D,Jonathan Ericsson (11548142),Jonathan Ericsson,11548142,D/UTIL,2800,NJ@DET 11/01/2018 07:30PM ET,DET,1.9
C,Nick Bonino (11547078),Nick Bonino,11547078,C/UTIL,2800,NSH@TB 11/01/2018 07:30PM ET,NSH,1.08
RW,Danick Martel (11547592),Danick Martel,11547592,W/UTIL,2800,NSH@TB 11/01/2018 07:30PM ET,TB,0
C,Robert Thomas (11547074),Robert Thomas,11547074,C/UTIL,2800,VGK@STL 11/01/2018 08:00PM ET,STL,0.83
C,Mark Jankowski (11547080),Mark Jankowski,11547080,C/UTIL,2800,COL@CGY 11/01/2018 09:00PM ET,CGY,1.35
RW,Matt Calvert (11547594),Matt Calvert,11547594,W/UTIL,2800,COL@CGY 11/01/2018 09:00PM ET,COL,1.58
C,Ryan Strome (11547076),Ryan Strome,11547076,C/UTIL,2800,CHI@EDM 11/01/2018 09:00PM ET,EDM,0.77
LW,David Kampf (11547590),David Kampf,11547590,W/UTIL,2800,CHI@EDM 11/01/2018 09:00PM ET,CHI,1.33
LW,Patrick Eaves (11547582),Patrick Eaves,11547582,W/UTIL,2800,NYR@ANH 11/01/2018 10:00PM ET,ANH,0
D,Christian Folin (11548138),Christian Folin,11548138,D/UTIL,2800,PHI@LA 11/01/2018 10:30PM ET,PHI,1.93
D,Dion Phaneuf (11548146),Dion Phaneuf,11548146,D/UTIL,2800,PHI@LA 11/01/2018 10:30PM ET,LA,1.36
LW,Marcus Sorensen (11547598),Marcus Sorensen,11547598,W/UTIL,2800,CLS@SJ 11/01/2018 10:30PM ET,SJ,1.75
LW,Tyler Ennis (11547608),Tyler Ennis,11547608,W/UTIL,2700,DAL@TOR 11/01/2018 07:00PM ET,TOR,1.33
D,Justin Holl (11548158),Justin Holl,11548158,D/UTIL,2700,DAL@TOR 11/01/2018 07:00PM ET,TOR,0
D,Juuso Riikola (11548170),Juuso Riikola,11548170,D/UTIL,2700,PIT@NYI 11/01/2018 07:00PM ET,PIT,1.42
C,Tomas Plekanec (11547082),Tomas Plekanec,11547082,C/UTIL,2700,WAS@MON 11/01/2018 07:30PM ET,MON,2.5
RW,Dmitrij Jaskin (11547614),Dmitrij Jaskin,11547614,W/UTIL,2700,WAS@MON 11/01/2018 07:30PM ET,WAS,0.71
RW,Andrew Shaw (11547618),Andrew Shaw,11547618,W/UTIL,2700,WAS@MON 11/01/2018 07:30PM ET,MON,1.64
LW,Chandler Stephenson (11547622),Chandler Stephenson,11547622,W/UTIL,2700,WAS@MON 11/01/2018 07:30PM ET,WAS,1.2
C,Johan Larsson (11547086),Johan Larsson,11547086,C/UTIL,2700,BUF@OTT 11/01/2018 07:30PM ET,BUF,1.08
LW,Max McCormick (11547616),Max McCormick,11547616,W/UTIL,2700,BUF@OTT 11/01/2018 07:30PM ET,OTT,0.62
C,Pavel Zacha (11547088),Pavel Zacha,11547088,C/UTIL,2700,NJ@DET 11/01/2018 07:30PM ET,NJ,0.61
RW,Evgeny Svechnikov (11547604),Evgeny Svechnikov,11547604,W/UTIL,2700,NJ@DET 11/01/2018 07:30PM ET,DET,0
LW,Martin Frk (11547612),Martin Frk,11547612,W/UTIL,2700,NJ@DET 11/01/2018 07:30PM ET,DET,0.33
D,Braydon Coburn (11548150),Braydon Coburn,11548150,D/UTIL,2700,NSH@TB 11/01/2018 07:30PM ET,TB,2.46
C,Oskar Sundqvist (11547084),Oskar Sundqvist,11547084,C/UTIL,2700,VGK@STL 11/01/2018 08:00PM ET,STL,1.75
LW,Oscar Lindberg (11547620),Oscar Lindberg,11547620,W/UTIL,2700,VGK@STL 11/01/2018 08:00PM ET,VGK,0.75
LW,William Carrier (11547624),William Carrier,11547624,W/UTIL,2700,VGK@STL 11/01/2018 08:00PM ET,VGK,1.25
D,Nick Holden (11548152),Nick Holden,11548152,D/UTIL,2700,VGK@STL 11/01/2018 08:00PM ET,VGK,1.62
D,Jakub Jerabek (11548154),Jakub Jerabek,11548154,D/UTIL,2700,VGK@STL 11/01/2018 08:00PM ET,STL,1
D,Deryk Engelland (11548156),Deryk Engelland,11548156,D/UTIL,2700,VGK@STL 11/01/2018 08:00PM ET,VGK,1.67
D,Jay Bouwmeester (11548168),Jay Bouwmeester,11548168,D/UTIL,2700,VGK@STL 11/01/2018 08:00PM ET,STL,1.61
RW,Garnet Hathaway (11547610),Garnet Hathaway,11547610,W/UTIL,2700,COL@CGY 11/01/2018 09:00PM ET,CGY,1.28
D,Patrik Nemeth (11548160),Patrik Nemeth,11548160,D/UTIL,2700,COL@CGY 11/01/2018 09:00PM ET,COL,1.39
C,Luke Johnson (11547090),Luke Johnson,11547090,C/UTIL,2700,CHI@EDM 11/01/2018 09:00PM ET,CHI,0.79
RW,Jesse Puljujarvi (11547606),Jesse Puljujarvi,11547606,W/UTIL,2700,CHI@EDM 11/01/2018 09:00PM ET,EDM,1.36
RW,Kevin Roy (11547602),Kevin Roy,11547602,W/UTIL,2700,NYR@ANH 11/01/2018 10:00PM ET,ANH,0
D,Korbinian Holzer (11548162),Korbinian Holzer,11548162,D/UTIL,2700,NYR@ANH 11/01/2018 10:00PM ET,ANH,0
D,Adam McQuaid (11548164),Adam McQuaid,11548164,D/UTIL,2700,NYR@ANH 11/01/2018 10:00PM ET,NYR,1.56
D,Brendan Smith (11548166),Brendan Smith,11548166,D/UTIL,2700,NYR@ANH 11/01/2018 10:00PM ET,NYR,1.5
RW,Sheldon Rempal (11547726),Sheldon Rempal,11547726,W/UTIL,2700,PHI@LA 11/01/2018 10:30PM ET,LA,0.5
D,Derek Forbort (11548174),Derek Forbort,11548174,D/UTIL,2700,PHI@LA 11/01/2018 10:30PM ET,LA,1.35
D,Tim Heed (11548148),Tim Heed,11548148,D/UTIL,2700,CLS@SJ 11/01/2018 10:30PM ET,SJ,0
D,Joakim Ryan (11548172),Joakim Ryan,11548172,D/UTIL,2700,CLS@SJ 11/01/2018 10:30PM ET,SJ,0.88
RW,Blake Comeau (11547638),Blake Comeau,11547638,W/UTIL,2600,DAL@TOR 11/01/2018 07:00PM ET,DAL,1.36
RW,Josh Leivo (11547640),Josh Leivo,11547640,W/UTIL,2600,DAL@TOR 11/01/2018 07:00PM ET,TOR,1.38
D,Marc Methot (11548190),Marc Methot,11548190,D/UTIL,2600,DAL@TOR 11/01/2018 07:00PM ET,DAL,0.62
D,Travis Dermott (11548192),Travis Dermott,11548192,D/UTIL,2600,DAL@TOR 11/01/2018 07:00PM ET,TOR,1.17
D,Chad Ruhwedel (11548180),Chad Ruhwedel,11548180,D/UTIL,2600,PIT@NYI 11/01/2018 07:00PM ET,PIT,0.67
C,Matthew Peca (11547092),Matthew Peca,11547092,C/UTIL,2600,WAS@MON 11/01/2018 07:30PM ET,MON,1.5
C,Nic Dowd (11547100),Nic Dowd,11547100,C/UTIL,2600,WAS@MON 11/01/2018 07:30PM ET,WAS,1.35
RW,Charles Hudon (11547630),Charles Hudon,11547630,W/UTIL,2600,WAS@MON 11/01/2018 07:30PM ET,MON,1.81
D,Noah Juulsen (11548184),Noah Juulsen,11548184,D/UTIL,2600,WAS@MON 11/01/2018 07:30PM ET,MON,1.5
D,Christian Djoos (11548188),Christian Djoos,11548188,D/UTIL,2600,WAS@MON 11/01/2018 07:30PM ET,WAS,1.06
C,Tom Pyatt (11547096),Tom Pyatt,11547096,C/UTIL,2600,BUF@OTT 11/01/2018 07:30PM ET,OTT,1.23
RW,Zemgus Girgensons (11547634),Zemgus Girgensons,11547634,W/UTIL,2600,BUF@OTT 11/01/2018 07:30PM ET,BUF,1.29
RW,Tage Thompson (11547636),Tage Thompson,11547636,W/UTIL,2600,BUF@OTT 11/01/2018 07:30PM ET,BUF,0.94
RW,Magnus Paajarvi (11547646),Magnus Paajarvi,11547646,W/UTIL,2600,BUF@OTT 11/01/2018 07:30PM ET,OTT,1.14
D,Christian Jaros (11548186),Christian Jaros,11548186,D/UTIL,2600,BUF@OTT 11/01/2018 07:30PM ET,OTT,1.71
RW,Mathieu Joseph (11547098),Mathieu Joseph,11547098,W/UTIL,2600,NSH@TB 11/01/2018 07:30PM ET,TB,1.27
LW,Rocco Grimaldi (11547628),Rocco Grimaldi,11547628,W/UTIL,2600,NSH@TB 11/01/2018 07:30PM ET,NSH,0.5
RW,Ryan Callahan (11547632),Ryan Callahan,11547632,W/UTIL,2600,NSH@TB 11/01/2018 07:30PM ET,TB,1.71
RW,Ryan Carpenter (11547644),Ryan Carpenter,11547644,W/UTIL,2600,VGK@STL 11/01/2018 08:00PM ET,VGK,1.14
RW,Ryan Reaves (11547650),Ryan Reaves,11547650,W/UTIL,2600,VGK@STL 11/01/2018 08:00PM ET,VGK,1.54
D,Juuso Valimaki (11548178),Juuso Valimaki,11548178,D/UTIL,2600,COL@CGY 11/01/2018 09:00PM ET,CGY,1.67
RW,Vinni Lettieri (11547626),Vinni Lettieri,11547626,W/UTIL,2600,NYR@ANH 11/01/2018 10:00PM ET,NYR,1.12
D,Andy Welinski (11548182),Andy Welinski,11548182,D/UTIL,2600,NYR@ANH 11/01/2018 10:00PM ET,ANH,2.5
LW,Kyle Clifford (11547648),Kyle Clifford,11547648,W/UTIL,2600,PHI@LA 11/01/2018 10:30PM ET,LA,0.61
D,Samuel Morin (11548176),Samuel Morin,11548176,D/UTIL,2600,PHI@LA 11/01/2018 10:30PM ET,PHI,0
C,Riley Nash (11547094),Riley Nash,11547094,C/UTIL,2600,CLS@SJ 11/01/2018 10:30PM ET,CLS,1.14
LW,Sonny Milano (11547642),Sonny Milano,11547642,W/UTIL,2600,CLS@SJ 11/01/2018 10:30PM ET,CLS,0.69
C,Frederik Gauthier (11547130),Frederik Gauthier,11547130,C/UTIL,2500,DAL@TOR 11/01/2018 07:00PM ET,TOR,0.56
C,Semyon Der-Arguchintsev (11547236),Semyon Der-Arguchintsev,11547236,C/UTIL,2500,DAL@TOR 11/01/2018 07:00PM ET,TOR,0
RW,Brett Ritchie (11547688),Brett Ritchie,11547688,W/UTIL,2500,DAL@TOR 11/01/2018 07:00PM ET,DAL,0.78
RW,Josh Jooris (11547734),Josh Jooris,11547734,W/UTIL,2500,DAL@TOR 11/01/2018 07:00PM ET,TOR,0
LW,Roope Hintz (11547804),Roope Hintz,11547804,W/UTIL,2500,DAL@TOR 11/01/2018 07:00PM ET,DAL,1.6
RW,Erik Condra (11547836),Erik Condra,11547836,W/UTIL,2500,DAL@TOR 11/01/2018 07:00PM ET,DAL,0
RW,Denis Gurianov (11547838),Denis Gurianov,11547838,W/UTIL,2500,DAL@TOR 11/01/2018 07:00PM ET,DAL,0
RW,Carl Grundstrom (11547868),Carl Grundstrom,11547868,W/UTIL,2500,DAL@TOR 11/01/2018 07:00PM ET,TOR,0
RW,Jeremy Bracco (11547870),Jeremy Bracco,11547870,W/UTIL,2500,DAL@TOR 11/01/2018 07:00PM ET,TOR,0
LW,Pierre Engvall (11547872),Pierre Engvall,11547872,W/UTIL,2500,DAL@TOR 11/01/2018 07:00PM ET,TOR,0
D,Roman Polak (11548204),Roman Polak,11548204,D/UTIL,2500,DAL@TOR 11/01/2018 07:00PM ET,DAL,1.44
D,Martin Marincin (11548266),Martin Marincin,11548266,D/UTIL,2500,DAL@TOR 11/01/2018 07:00PM ET,TOR,0.8
D,Igor Ozhiganov (11548278),Igor Ozhiganov,11548278,D/UTIL,2500,DAL@TOR 11/01/2018 07:00PM ET,TOR,0.95
D,Calle Rosen (11548292),Calle Rosen,11548292,D/UTIL,2500,DAL@TOR 11/01/2018 07:00PM ET,TOR,0
D,Andreas Borgman (11548316),Andreas Borgman,11548316,D/UTIL,2500,DAL@TOR 11/01/2018 07:00PM ET,TOR,0
D,Dillon Heatherington (11548322),Dillon Heatherington,11548322,D/UTIL,2500,DAL@TOR 11/01/2018 07:00PM ET,DAL,0
D,Gavin Bayreuther (11548346),Gavin Bayreuther,11548346,D/UTIL,2500,DAL@TOR 11/01/2018 07:00PM ET,DAL,0
C,Tanner Fritz (11547168),Tanner Fritz,11547168,C/UTIL,2500,PIT@NYI 11/01/2018 07:00PM ET,NYI,2.25
C,Teddy Blueger (11547196),Teddy Blueger,11547196,C/UTIL,2500,PIT@NYI 11/01/2018 07:00PM ET,PIT,0
C,Linus Olund (11547198),Linus Olund,11547198,C/UTIL,2500,PIT@NYI 11/01/2018 07:00PM ET,PIT,0
LW,Tom Kuhnhackl (11547658),Tom Kuhnhackl,11547658,W/UTIL,2500,PIT@NYI 11/01/2018 07:00PM ET,NYI,1.75
LW,Matt Martin (11547666),Matt Martin,11547666,W/UTIL,2500,PIT@NYI 11/01/2018 07:00PM ET,NYI,2
RW,Cal Clutterbuck (11547680),Cal Clutterbuck,11547680,W/UTIL,2500,PIT@NYI 11/01/2018 07:00PM ET,NYI,1.06
RW,Zach Aston-Reese (11547752),Zach Aston-Reese,11547752,W/UTIL,2500,PIT@NYI 11/01/2018 07:00PM ET,PIT,0
LW,Michael Dal Colle (11547764),Michael Dal Colle,11547764,W/UTIL,2500,PIT@NYI 11/01/2018 07:00PM ET,NYI,0
RW,Joshua Ho-Sang (11547774),Joshua Ho-Sang,11547774,W/UTIL,2500,PIT@NYI 11/01/2018 07:00PM ET,NYI,0
RW,Jimmy Hayes (11547778),Jimmy Hayes,11547778,W/UTIL,2500,PIT@NYI 11/01/2018 07:00PM ET,PIT,0
RW,Tobias Lindberg (11547798),Tobias Lindberg,11547798,W/UTIL,2500,PIT@NYI 11/01/2018 07:00PM ET,PIT,0
LW,Garrett Wilson (11547800),Garrett Wilson,11547800,W/UTIL,2500,PIT@NYI 11/01/2018 07:00PM ET,PIT,0
RW,Travis St. Denis (11547856),Travis St. Denis,11547856,W/UTIL,2500,PIT@NYI 11/01/2018 07:00PM ET,NYI,0
LW,Kieffer Bellows (11547858),Kieffer Bellows,11547858,W/UTIL,2500,PIT@NYI 11/01/2018 07:00PM ET,NYI,0
RW,Stephen Gionta (11547880),Stephen Gionta,11547880,W/UTIL,2500,PIT@NYI 11/01/2018 07:00PM ET,NYI,0.5
RW,Steve Bernier (11547890),Steve Bernier,11547890,W/UTIL,2500,PIT@NYI 11/01/2018 07:00PM ET,NYI,0
D,Luca Sbisa (11548272),Luca Sbisa,11548272,D/UTIL,2500,PIT@NYI 11/01/2018 07:00PM ET,NYI,0.83
D,Sebastian Aho (11548310),Sebastian Aho,11548310,D/UTIL,2500,PIT@NYI 11/01/2018 07:00PM ET,NYI,0
D,Zach Trotman (11548314),Zach Trotman,11548314,D/UTIL,2500,PIT@NYI 11/01/2018 07:00PM ET,PIT,0
D,Yannick Rathgeb (11548366),Yannick Rathgeb,11548366,D/UTIL,2500,PIT@NYI 11/01/2018 07:00PM ET,NYI,0
D,Dennis Seidenberg (11548368),Dennis Seidenberg,11548368,D/UTIL,2500,PIT@NYI 11/01/2018 07:00PM ET,NYI,0
D,Devon Toews (11548370),Devon Toews,11548370,D/UTIL,2500,PIT@NYI 11/01/2018 07:00PM ET,NYI,0
C,Travis Boyd (11547102),Travis Boyd,11547102,C/UTIL,2500,WAS@MON 11/01/2018 07:30PM ET,WAS,0
C,Shane Gersich (11547156),Shane Gersich,11547156,C/UTIL,2500,WAS@MON 11/01/2018 07:30PM ET,WAS,0
C,Jayson Megna (11547160),Jayson Megna,11547160,C/UTIL,2500,WAS@MON 11/01/2018 07:30PM ET,WAS,0
C,Michael McCarron (11547164),Michael McCarron,11547164,C/UTIL,2500,WAS@MON 11/01/2018 07:30PM ET,MON,0
C,Nick Suzuki (11547170),Nick Suzuki,11547170,C/UTIL,2500,WAS@MON 11/01/2018 07:30PM ET,MON,0
C,Byron Froese (11547184),Byron Froese,11547184,C/UTIL,2500,WAS@MON 11/01/2018 07:30PM ET,MON,0
C,Liam O'Brien (11547258),Liam O'Brien,11547258,C/UTIL,2500,WAS@MON 11/01/2018 07:30PM ET,WAS,0
LW,Nathan Walker (11547654),Nathan Walker,11547654,W/UTIL,2500,WAS@MON 11/01/2018 07:30PM ET,WAS,1
RW,Nikita Scherbak (11547692),Nikita Scherbak,11547692,W/UTIL,2500,WAS@MON 11/01/2018 07:30PM ET,MON,0
LW,Nicolas Deslauriers (11547714),Nicolas Deslauriers,11547714,W/UTIL,2500,WAS@MON 11/01/2018 07:30PM ET,MON,0.5
RW,Sergei Shumakov (11547740),Sergei Shumakov,11547740,W/UTIL,2500,WAS@MON 11/01/2018 07:30PM ET,WAS,0
RW,Riley Barber (11547812),Riley Barber,11547812,W/UTIL,2500,WAS@MON 11/01/2018 07:30PM ET,WAS,0
RW,Juuso Ikonen (11547814),Juuso Ikonen,11547814,W/UTIL,2500,WAS@MON 11/01/2018 07:30PM ET,WAS,0
LW,Kenny Agostino (11547860),Kenny Agostino,11547860,W/UTIL,2500,WAS@MON 11/01/2018 07:30PM ET,MON,0
D,Karl Alzner (11548214),Karl Alzner,11548214,D/UTIL,2500,WAS@MON 11/01/2018 07:30PM ET,MON,1
D,Madison Bowey (11548226),Madison Bowey,11548226,D/UTIL,2500,WAS@MON 11/01/2018 07:30PM ET,WAS,1
D,Victor Mete (11548238),Victor Mete,11548238,D/UTIL,2500,WAS@MON 11/01/2018 07:30PM ET,MON,1
D,Aaron Ness (11548328),Aaron Ness,11548328,D/UTIL,2500,WAS@MON 11/01/2018 07:30PM ET,WAS,0
D,Brett Kulak (11548330),Brett Kulak,11548330,D/UTIL,2500,WAS@MON 11/01/2018 07:30PM ET,MON,0
D,Lucas Johansen (11548332),Lucas Johansen,11548332,D/UTIL,2500,WAS@MON 11/01/2018 07:30PM ET,WAS,0
D,Jonas Siegenthaler (11548334),Jonas Siegenthaler,11548334,D/UTIL,2500,WAS@MON 11/01/2018 07:30PM ET,WAS,0
D,Gustav Olofsson (11548340),Gustav Olofsson,11548340,D/UTIL,2500,WAS@MON 11/01/2018 07:30PM ET,MON,0
C,Filip Chlapik (11547154),Filip Chlapik,11547154,C/UTIL,2500,BUF@OTT 11/01/2018 07:30PM ET,OTT,0
C,Kevin Porter (11547188),Kevin Porter,11547188,C/UTIL,2500,BUF@OTT 11/01/2018 07:30PM ET,BUF,0
C,Danny O'Regan (11547200),Danny O'Regan,11547200,C/UTIL,2500,BUF@OTT 11/01/2018 07:30PM ET,BUF,0
C,Jim O'Brien (11547202),Jim O'Brien,11547202,C/UTIL,2500,BUF@OTT 11/01/2018 07:30PM ET,OTT,0
C,Logan Brown (11547204),Logan Brown,11547204,C/UTIL,2500,BUF@OTT 11/01/2018 07:30PM ET,OTT,0
C,Ben Sexton (11547262),Ben Sexton,11547262,C/UTIL,2500,BUF@OTT 11/01/2018 07:30PM ET,OTT,0
LW,Scott Wilson (11547652),Scott Wilson,11547652,W/UTIL,2500,BUF@OTT 11/01/2018 07:30PM ET,BUF,0
LW,Remi Elie (11547702),Remi Elie,11547702,W/UTIL,2500,BUF@OTT 11/01/2018 07:30PM ET,BUF,0.17
RW,Jack Rodewald (11547720),Jack Rodewald,11547720,W/UTIL,2500,BUF@OTT 11/01/2018 07:30PM ET,OTT,0
LW,Alexander Nylander (11547728),Alexander Nylander,11547728,W/UTIL,2500,BUF@OTT 11/01/2018 07:30PM ET,BUF,0
RW,Justin Bailey (11547736),Justin Bailey,11547736,W/UTIL,2500,BUF@OTT 11/01/2018 07:30PM ET,BUF,0
LW,Nick Paul (11547744),Nick Paul,11547744,W/UTIL,2500,BUF@OTT 11/01/2018 07:30PM ET,OTT,0
LW,Rudolfs Balcers (11547758),Rudolfs Balcers,11547758,W/UTIL,2500,BUF@OTT 11/01/2018 07:30PM ET,OTT,0
RW,Paul Carey (11547786),Paul Carey,11547786,W/UTIL,2500,BUF@OTT 11/01/2018 07:30PM ET,OTT,0.3
LW,C.J. Smith (11547792),C.J. Smith,11547792,W/UTIL,2500,BUF@OTT 11/01/2018 07:30PM ET,BUF,0
LW,Matt Moulson (11547878),Matt Moulson,11547878,W/UTIL,2500,BUF@OTT 11/01/2018 07:30PM ET,BUF,0
D,Nathan Beaulieu (11548198),Nathan Beaulieu,11548198,D/UTIL,2500,BUF@OTT 11/01/2018 07:30PM ET,BUF,1.19
D,Casey Nelson (11548212),Casey Nelson,11548212,D/UTIL,2500,BUF@OTT 11/01/2018 07:30PM ET,BUF,1.15
D,Mark Borowiecki (11548242),Mark Borowiecki,11548242,D/UTIL,2500,BUF@OTT 11/01/2018 07:30PM ET,OTT,1.22
D,Ben Harpur (11548274),Ben Harpur,11548274,D/UTIL,2500,BUF@OTT 11/01/2018 07:30PM ET,OTT,1
D,Brendan Guhle (11548282),Brendan Guhle,11548282,D/UTIL,2500,BUF@OTT 11/01/2018 07:30PM ET,BUF,0
D,Matt Tennyson (11548290),Matt Tennyson,11548290,D/UTIL,2500,BUF@OTT 11/01/2018 07:30PM ET,BUF,0
D,Taylor Fedun (11548320),Taylor Fedun,11548320,D/UTIL,2500,BUF@OTT 11/01/2018 07:30PM ET,BUF,0
D,Brandon Hickey (11548324),Brandon Hickey,11548324,D/UTIL,2500,BUF@OTT 11/01/2018 07:30PM ET,BUF,0
D,Lawrence Pilut (11548326),Lawrence Pilut,11548326,D/UTIL,2500,BUF@OTT 11/01/2018 07:30PM ET,BUF,0
D,Patrick Sieloff (11548386),Patrick Sieloff,11548386,D/UTIL,2500,BUF@OTT 11/01/2018 07:30PM ET,OTT,0
D,Andreas Englund (11548396),Andreas Englund,11548396,D/UTIL,2500,BUF@OTT 11/01/2018 07:30PM ET,OTT,0
C,Joe Hicketts (11547108),Joe Hicketts,11547108,C/UTIL,2500,NJ@DET 11/01/2018 07:30PM ET,DET,1.38
C,Michael Rasmussen (11547120),Michael Rasmussen,11547120,C/UTIL,2500,NJ@DET 11/01/2018 07:30PM ET,DET,1.25
C,Kevin Rooney (11547122),Kevin Rooney,11547122,C/UTIL,2500,NJ@DET 11/01/2018 07:30PM ET,NJ,0.17
C,Dominic Turgeon (11547172),Dominic Turgeon,11547172,C/UTIL,2500,NJ@DET 11/01/2018 07:30PM ET,DET,0
C,John Quenneville (11547176),John Quenneville,11547176,C/UTIL,2500,NJ@DET 11/01/2018 07:30PM ET,NJ,0.6
C,Michael McLeod (11547208),Michael McLeod,11547208,C/UTIL,2500,NJ@DET 11/01/2018 07:30PM ET,NJ,0
C,Christoffer Ehn (11547256),Christoffer Ehn,11547256,C/UTIL,2500,NJ@DET 11/01/2018 07:30PM ET,DET,0.78
C,Wade Megan (11547260),Wade Megan,11547260,C/UTIL,2500,NJ@DET 11/01/2018 07:30PM ET,DET,0
RW,Drew Stafford (11547700),Drew Stafford,11547700,W/UTIL,2500,NJ@DET 11/01/2018 07:30PM ET,NJ,1.25
RW,Joey Anderson (11547704),Joey Anderson,11547704,W/UTIL,2500,NJ@DET 11/01/2018 07:30PM ET,NJ,0
LW,Filip Zadina (11547732),Filip Zadina,11547732,W/UTIL,2500,NJ@DET 11/01/2018 07:30PM ET,DET,0
LW,Blake Pietila (11547746),Blake Pietila,11547746,W/UTIL,2500,NJ@DET 11/01/2018 07:30PM ET,NJ,0
LW,Matt Puempel (11547762),Matt Puempel,11547762,W/UTIL,2500,NJ@DET 11/01/2018 07:30PM ET,DET,0
RW,Kurtis Gabriel (11547816),Kurtis Gabriel,11547816,W/UTIL,2500,NJ@DET 11/01/2018 07:30PM ET,NJ,0
RW,Marian Studenic (11547818),Marian Studenic,11547818,W/UTIL,2500,NJ@DET 11/01/2018 07:30PM ET,NJ,0
LW,Eric Tangradi (11547820),Eric Tangradi,11547820,W/UTIL,2500,NJ@DET 11/01/2018 07:30PM ET,NJ,0
RW,Nick Lappin (11547832),Nick Lappin,11547832,W/UTIL,2500,NJ@DET 11/01/2018 07:30PM ET,NJ,0
LW,David Pope (11547862),David Pope,11547862,W/UTIL,2500,NJ@DET 11/01/2018 07:30PM ET,DET,0
LW,Chris Terry (11547864),Chris Terry,11547864,W/UTIL,2500,NJ@DET 11/01/2018 07:30PM ET,DET,0
RW,Givani Smith (11547866),Givani Smith,11547866,W/UTIL,2500,NJ@DET 11/01/2018 07:30PM ET,DET,0
D,Ben Lovejoy (11548200),Ben Lovejoy,11548200,D/UTIL,2500,NJ@DET 11/01/2018 07:30PM ET,NJ,1.42
D,Luke Witkowski (11548206),Luke Witkowski,11548206,D/UTIL,2500,NJ@DET 11/01/2018 07:30PM ET,DET,1.25
D,Eric Gryba (11548208),Eric Gryba,11548208,D/UTIL,2500,NJ@DET 11/01/2018 07:30PM ET,NJ,1.5
D,Niklas Kronwall (11548228),Niklas Kronwall,11548228,D/UTIL,2500,NJ@DET 11/01/2018 07:30PM ET,DET,1.78
D,Egor Yakovlev (11548256),Egor Yakovlev,11548256,D/UTIL,2500,NJ@DET 11/01/2018 07:30PM ET,NJ,0
D,Filip Hronek (11548300),Filip Hronek,11548300,D/UTIL,2500,NJ@DET 11/01/2018 07:30PM ET,DET,2.5
D,Michael Kapla (11548336),Michael Kapla,11548336,D/UTIL,2500,NJ@DET 11/01/2018 07:30PM ET,NJ,0
D,Dylan McIlrath (11548372),Dylan McIlrath,11548372,D/UTIL,2500,NJ@DET 11/01/2018 07:30PM ET,DET,0
D,Libor Sulak (11548388),Libor Sulak,11548388,D/UTIL,2500,NJ@DET 11/01/2018 07:30PM ET,DET,1
D,Brian Lashoff (11548392),Brian Lashoff,11548392,D/UTIL,2500,NJ@DET 11/01/2018 07:30PM ET,DET,0
C,Cedric Paquette (11547134),Cedric Paquette,11547134,C/UTIL,2500,NSH@TB 11/01/2018 07:30PM ET,TB,1.5
C,Frederick Gaudreau (11547142),Frederick Gaudreau,11547142,C/UTIL,2500,NSH@TB 11/01/2018 07:30PM ET,NSH,0
C,Gabriel Dumont (11547182),Gabriel Dumont,11547182,C/UTIL,2500,NSH@TB 11/01/2018 07:30PM ET,TB,0
C,Emil Pettersson (11547228),Emil Pettersson,11547228,C/UTIL,2500,NSH@TB 11/01/2018 07:30PM ET,NSH,0
C,Tyler Gaudet (11547230),Tyler Gaudet,11547230,C/UTIL,2500,NSH@TB 11/01/2018 07:30PM ET,NSH,0
C,Carl Persson (11547232),Carl Persson,11547232,C/UTIL,2500,NSH@TB 11/01/2018 07:30PM ET,NSH,0
C,Mitchell Stephens (11547242),Mitchell Stephens,11547242,C/UTIL,2500,NSH@TB 11/01/2018 07:30PM ET,TB,0
LW,Adam Erne (11547662),Adam Erne,11547662,W/UTIL,2500,NSH@TB 11/01/2018 07:30PM ET,TB,2
LW,Zac Rinaldo (11547708),Zac Rinaldo,11547708,W/UTIL,2500,NSH@TB 11/01/2018 07:30PM ET,NSH,0.71
RW,Miikka Salomaki (11547710),Miikka Salomaki,11547710,W/UTIL,2500,NSH@TB 11/01/2018 07:30PM ET,NSH,1.07
RW,Nicholas Baptiste (11547738),Nicholas Baptiste,11547738,W/UTIL,2500,NSH@TB 11/01/2018 07:30PM ET,NSH,0
RW,Eeli Tolvanen (11547742),Eeli Tolvanen,11547742,W/UTIL,2500,NSH@TB 11/01/2018 07:30PM ET,NSH,0
LW,Connor Brickley (11547754),Connor Brickley,11547754,W/UTIL,2500,NSH@TB 11/01/2018 07:30PM ET,NSH,0
RW,Alexander Volkov (11547766),Alexander Volkov,11547766,W/UTIL,2500,NSH@TB 11/01/2018 07:30PM ET,TB,0
RW,Cory Conacher (11547784),Cory Conacher,11547784,W/UTIL,2500,NSH@TB 11/01/2018 07:30PM ET,TB,0.5
LW,Michael Bournival (11547850),Michael Bournival,11547850,W/UTIL,2500,NSH@TB 11/01/2018 07:30PM ET,TB,0
RW,Taylor Raddysh (11547874),Taylor Raddysh,11547874,W/UTIL,2500,NSH@TB 11/01/2018 07:30PM ET,TB,0
LW,Andy Andreoff (11547888),Andy Andreoff,11547888,W/UTIL,2500,NSH@TB 11/01/2018 07:30PM ET,TB,0
D,Slater Koekkoek (11548216),Slater Koekkoek,11548216,D/UTIL,2500,NSH@TB 11/01/2018 07:30PM ET,TB,2
D,Matt Irwin (11548218),Matt Irwin,11548218,D/UTIL,2500,NSH@TB 11/01/2018 07:30PM ET,NSH,0.5
D,Dan Hamhuis (11548232),Dan Hamhuis,11548232,D/UTIL,2500,NSH@TB 11/01/2018 07:30PM ET,NSH,1.07
D,Anthony Bitetto (11548236),Anthony Bitetto,11548236,D/UTIL,2500,NSH@TB 11/01/2018 07:30PM ET,NSH,1.38
D,Cameron Gaunce (11548268),Cameron Gaunce,11548268,D/UTIL,2500,NSH@TB 11/01/2018 07:30PM ET,TB,0
D,Yannick Weber (11548276),Yannick Weber,11548276,D/UTIL,2500,NSH@TB 11/01/2018 07:30PM ET,NSH,0.92
D,Alexandre Carrier (11548354),Alexandre Carrier,11548354,D/UTIL,2500,NSH@TB 11/01/2018 07:30PM ET,NSH,0
D,Frederic Allard (11548356),Frederic Allard,11548356,D/UTIL,2500,NSH@TB 11/01/2018 07:30PM ET,NSH,0
D,Erik Cernak (11548374),Erik Cernak,11548374,D/UTIL,2500,NSH@TB 11/01/2018 07:30PM ET,TB,0
LW,Tomas Nosek (11547114),Tomas Nosek,11547114,W/UTIL,2500,VGK@STL 11/01/2018 08:00PM ET,VGK,1.35
C,Pierre-Edouard Bellemare (11547116),Pierre-Edouard Bellemare,11547116,C/UTIL,2500,VGK@STL 11/01/2018 08:00PM ET,VGK,1.21
C,Cody Glass (11547162),Cody Glass,11547162,C/UTIL,2500,VGK@STL 11/01/2018 08:00PM ET,VGK,0
C,Brandon Pirri (11547174),Brandon Pirri,11547174,C/UTIL,2500,VGK@STL 11/01/2018 08:00PM ET,VGK,0
C,Jordan Kyrou (11547190),Jordan Kyrou,11547190,C/UTIL,2500,VGK@STL 11/01/2018 08:00PM ET,STL,1
C,Jordan Nolan (11547206),Jordan Nolan,11547206,C/UTIL,2500,VGK@STL 11/01/2018 08:00PM ET,STL,0
C,Reid Duke (11547234),Reid Duke,11547234,C/UTIL,2500,VGK@STL 11/01/2018 08:00PM ET,VGK,0
C,Nolan Stevens (11547244),Nolan Stevens,11547244,C/UTIL,2500,VGK@STL 11/01/2018 08:00PM ET,STL,0
LW,Ivan Barbashev (11547660),Ivan Barbashev,11547660,W/UTIL,2500,VGK@STL 11/01/2018 08:00PM ET,STL,1.25
RW,Nikita Soshnikov (11547676),Nikita Soshnikov,11547676,W/UTIL,2500,VGK@STL 11/01/2018 08:00PM ET,STL,0
LW,Curtis McKenzie (11547770),Curtis McKenzie,11547770,W/UTIL,2500,VGK@STL 11/01/2018 08:00PM ET,VGK,0
RW,Chris Thorburn (11547782),Chris Thorburn,11547782,W/UTIL,2500,VGK@STL 11/01/2018 08:00PM ET,STL,0
RW,Daniel Carr (11547806),Daniel Carr,11547806,W/UTIL,2500,VGK@STL 11/01/2018 08:00PM ET,VGK,0
RW,Tyler Wong (11547852),Tyler Wong,11547852,W/UTIL,2500,VGK@STL 11/01/2018 08:00PM ET,VGK,0
LW,Sammy Blais (11547882),Sammy Blais,11547882,W/UTIL,2500,VGK@STL 11/01/2018 08:00PM ET,STL,0.75
D,Robert Bortuzzo (11548196),Robert Bortuzzo,11548196,D/UTIL,2500,VGK@STL 11/01/2018 08:00PM ET,STL,1.8
D,Carl Gunnarsson (11548230),Carl Gunnarsson,11548230,D/UTIL,2500,VGK@STL 11/01/2018 08:00PM ET,STL,0
D,Jon Merrill (11548248),Jon Merrill,11548248,D/UTIL,2500,VGK@STL 11/01/2018 08:00PM ET,VGK,1.25
D,Jordan Schmaltz (11548254),Jordan Schmaltz,11548254,D/UTIL,2500,VGK@STL 11/01/2018 08:00PM ET,STL,1.31
D,Chris Butler (11548298),Chris Butler,11548298,D/UTIL,2500,VGK@STL 11/01/2018 08:00PM ET,STL,2.75
D,Zach Whitecloud (11548306),Zach Whitecloud,11548306,D/UTIL,2500,VGK@STL 11/01/2018 08:00PM ET,VGK,0
D,Griffin Reinhart (11548358),Griffin Reinhart,11548358,D/UTIL,2500,VGK@STL 11/01/2018 08:00PM ET,VGK,0
D,Erik Brannstrom (11548360),Erik Brannstrom,11548360,D/UTIL,2500,VGK@STL 11/01/2018 08:00PM ET,VGK,0
D,Jake Bischoff (11548362),Jake Bischoff,11548362,D/UTIL,2500,VGK@STL 11/01/2018 08:00PM ET,VGK,0
D,Jake Walman (11548376),Jake Walman,11548376,D/UTIL,2500,VGK@STL 11/01/2018 08:00PM ET,STL,0
D,Mitch Reinke (11548394),Mitch Reinke,11548394,D/UTIL,2500,VGK@STL 11/01/2018 08:00PM ET,STL,0
C,Derek Ryan (11547118),Derek Ryan,11547118,C/UTIL,2500,COL@CGY 11/01/2018 09:00PM ET,CGY,0.96
C,Vladislav Kamenev (11547136),Vladislav Kamenev,11547136,C/UTIL,2500,COL@CGY 11/01/2018 09:00PM ET,COL,0.93
C,Alan Quine (11547186),Alan Quine,11547186,C/UTIL,2500,COL@CGY 11/01/2018 09:00PM ET,CGY,0
C,Dominic Toninato (11547192),Dominic Toninato,11547192,C/UTIL,2500,COL@CGY 11/01/2018 09:00PM ET,COL,0
C,Josh Dickinson (11547214),Josh Dickinson,11547214,C/UTIL,2500,COL@CGY 11/01/2018 09:00PM ET,COL,0
C,Tyler Graovac (11547226),Tyler Graovac,11547226,C/UTIL,2500,COL@CGY 11/01/2018 09:00PM ET,CGY,0
C,Curtis Lazar (11547252),Curtis Lazar,11547252,C/UTIL,2500,COL@CGY 11/01/2018 09:00PM ET,CGY,0
LW,Tyson Jost (11547668),Tyson Jost,11547668,W/UTIL,2500,COL@CGY 11/01/2018 09:00PM ET,COL,1.09
RW,Gabriel Bourque (11547678),Gabriel Bourque,11547678,W/UTIL,2500,COL@CGY 11/01/2018 09:00PM ET,COL,1.14
RW,Spencer Foo (11547730),Spencer Foo,11547730,W/UTIL,2500,COL@CGY 11/01/2018 09:00PM ET,CGY,0
LW,Morgan Klimchuk (11547772),Morgan Klimchuk,11547772,W/UTIL,2500,COL@CGY 11/01/2018 09:00PM ET,CGY,0
LW,A.J. Greer (11547776),A.J. Greer,11547776,W/UTIL,2500,COL@CGY 11/01/2018 09:00PM ET,COL,0
LW,Andrew Mangiapane (11547802),Andrew Mangiapane,11547802,W/UTIL,2500,COL@CGY 11/01/2018 09:00PM ET,CGY,0
RW,Martin Kaut (11547826),Martin Kaut,11547826,W/UTIL,2500,COL@CGY 11/01/2018 09:00PM ET,COL,0
LW,Ty Lewis (11547828),Ty Lewis,11547828,W/UTIL,2500,COL@CGY 11/01/2018 09:00PM ET,COL,0
LW,Andrew Agozzino (11547830),Andrew Agozzino,11547830,W/UTIL,2500,COL@CGY 11/01/2018 09:00PM ET,COL,0
LW,Yasin Ehliz (11547854),Yasin Ehliz,11547854,W/UTIL,2500,COL@CGY 11/01/2018 09:00PM ET,CGY,0
LW,Ryan Lomberg (11547884),Ryan Lomberg,11547884,W/UTIL,2500,COL@CGY 11/01/2018 09:00PM ET,CGY,0
D,Dalton Prout (11548258),Dalton Prout,11548258,D/UTIL,2500,COL@CGY 11/01/2018 09:00PM ET,CGY,1.5
D,Conor Timmins (11548260),Conor Timmins,11548260,D/UTIL,2500,COL@CGY 11/01/2018 09:00PM ET,COL,0
D,Nikita Zadorov (11548270),Nikita Zadorov,11548270,D/UTIL,2500,COL@CGY 11/01/2018 09:00PM ET,COL,0.96
D,David Warsofsky (11548294),David Warsofsky,11548294,D/UTIL,2500,COL@CGY 11/01/2018 09:00PM ET,COL,0
D,Mark Alt (11548302),Mark Alt,11548302,D/UTIL,2500,COL@CGY 11/01/2018 09:00PM ET,COL,0
D,Anton Lindholm (11548312),Anton Lindholm,11548312,D/UTIL,2500,COL@CGY 11/01/2018 09:00PM ET,COL,0
D,Josh Anderson (11548338),Josh Anderson,11548338,D/UTIL,2500,COL@CGY 11/01/2018 09:00PM ET,COL,0
D,Oliver Kylington (11548364),Oliver Kylington,11548364,D/UTIL,2500,COL@CGY 11/01/2018 09:00PM ET,CGY,0
D,Rinat Valiev (11548382),Rinat Valiev,11548382,D/UTIL,2500,COL@CGY 11/01/2018 09:00PM ET,CGY,0
C,Kyle Brodziak (11547110),Kyle Brodziak,11547110,C/UTIL,2500,CHI@EDM 11/01/2018 09:00PM ET,EDM,0.95
C,Marcus Kruger (11547124),Marcus Kruger,11547124,C/UTIL,2500,CHI@EDM 11/01/2018 09:00PM ET,CHI,1.33
C,Victor Ejdsell (11547152),Victor Ejdsell,11547152,C/UTIL,2500,CHI@EDM 11/01/2018 09:00PM ET,CHI,0
C,Jordan Schroeder (11547166),Jordan Schroeder,11547166,C/UTIL,2500,CHI@EDM 11/01/2018 09:00PM ET,CHI,0
C,Brad Malone (11547180),Brad Malone,11547180,C/UTIL,2500,CHI@EDM 11/01/2018 09:00PM ET,EDM,0
C,Josh Currie (11547194),Josh Currie,11547194,C/UTIL,2500,CHI@EDM 11/01/2018 09:00PM ET,EDM,0
C,Tyler Sikura (11547210),Tyler Sikura,11547210,C/UTIL,2500,CHI@EDM 11/01/2018 09:00PM ET,CHI,0
C,Jacob Nilsson (11547212),Jacob Nilsson,11547212,C/UTIL,2500,CHI@EDM 11/01/2018 09:00PM ET,CHI,0
RW,John Hayden (11547656),John Hayden,11547656,W/UTIL,2500,CHI@EDM 11/01/2018 09:00PM ET,CHI,1.29
RW,Zack Kassian (11547664),Zack Kassian,11547664,W/UTIL,2500,CHI@EDM 11/01/2018 09:00PM ET,EDM,0.81
LW,Jujhar Khaira (11547672),Jujhar Khaira,11547672,W/UTIL,2500,CHI@EDM 11/01/2018 09:00PM ET,EDM,0.65
RW,Cooper Marody (11547682),Cooper Marody,11547682,W/UTIL,2500,CHI@EDM 11/01/2018 09:00PM ET,EDM,1
LW,Chris Kunitz (11547694),Chris Kunitz,11547694,W/UTIL,2500,CHI@EDM 11/01/2018 09:00PM ET,CHI,0.73
RW,Andreas Martinsen (11547724),Andreas Martinsen,11547724,W/UTIL,2500,CHI@EDM 11/01/2018 09:00PM ET,CHI,0.3
RW,Dylan Sikura (11547750),Dylan Sikura,11547750,W/UTIL,2500,CHI@EDM 11/01/2018 09:00PM ET,CHI,0
RW,Matthew Highmore (11547756),Matthew Highmore,11547756,W/UTIL,2500,CHI@EDM 11/01/2018 09:00PM ET,CHI,0
RW,Anton Slepyshev (11547780),Anton Slepyshev,11547780,W/UTIL,2500,CHI@EDM 11/01/2018 09:00PM ET,EDM,0
RW,Ostap Safin (11547794),Ostap Safin,11547794,W/UTIL,2500,CHI@EDM 11/01/2018 09:00PM ET,EDM,0
LW,Tyler Benson (11547796),Tyler Benson,11547796,W/UTIL,2500,CHI@EDM 11/01/2018 09:00PM ET,EDM,0
RW,Marian Hossa (11547822),Marian Hossa,11547822,W/UTIL,2500,CHI@EDM 11/01/2018 09:00PM ET,CHI,0
RW,Matheson Iacopelli (11547824),Matheson Iacopelli,11547824,W/UTIL,2500,CHI@EDM 11/01/2018 09:00PM ET,CHI,0
D,Andrej Sekera (11548194),Andrej Sekera,11548194,D/UTIL,2500,CHI@EDM 11/01/2018 09:00PM ET,EDM,0
D,Brandon Manning (11548234),Brandon Manning,11548234,D/UTIL,2500,CHI@EDM 11/01/2018 09:00PM ET,CHI,1.2
D,Brandon Davidson (11548246),Brandon Davidson,11548246,D/UTIL,2500,CHI@EDM 11/01/2018 09:00PM ET,CHI,1.67
D,Jason Garrison (11548252),Jason Garrison,11548252,D/UTIL,2500,CHI@EDM 11/01/2018 09:00PM ET,EDM,0.83
D,Ethan Bear (11548284),Ethan Bear,11548284,D/UTIL,2500,CHI@EDM 11/01/2018 09:00PM ET,EDM,0
D,Kevin Gravel (11548286),Kevin Gravel,11548286,D/UTIL,2500,CHI@EDM 11/01/2018 09:00PM ET,EDM,1.25
D,Blake Hillman (11548288),Blake Hillman,11548288,D/UTIL,2500,CHI@EDM 11/01/2018 09:00PM ET,CHI,0
D,Gustav Forsling (11548308),Gustav Forsling,11548308,D/UTIL,2500,CHI@EDM 11/01/2018 09:00PM ET,CHI,0
D,Carl Dahlstrom (11548318),Carl Dahlstrom,11548318,D/UTIL,2500,CHI@EDM 11/01/2018 09:00PM ET,CHI,0
C,Corey Perry (11547104),Corey Perry,11547104,C/UTIL,2500,NYR@ANH 11/01/2018 10:00PM ET,ANH,0
C,Boo Nieves (11547112),Boo Nieves,11547112,C/UTIL,2500,NYR@ANH 11/01/2018 10:00PM ET,NYR,0
C,Carter Rowney (11547126),Carter Rowney,11547126,C/UTIL,2500,NYR@ANH 11/01/2018 10:00PM ET,ANH,1
C,Isac Lundestrom (11547138),Isac Lundestrom,11547138,C/UTIL,2500,NYR@ANH 11/01/2018 10:00PM ET,ANH,0.91
C,Lias Andersson (11547150),Lias Andersson,11547150,C/UTIL,2500,NYR@ANH 11/01/2018 10:00PM ET,NYR,0
C,Peter Holland (11547178),Peter Holland,11547178,C/UTIL,2500,NYR@ANH 11/01/2018 10:00PM ET,NYR,0
C,Michael Lindqvist (11547238),Michael Lindqvist,11547238,C/UTIL,2500,NYR@ANH 11/01/2018 10:00PM ET,NYR,0
C,Ville Meskanen (11547240),Ville Meskanen,11547240,C/UTIL,2500,NYR@ANH 11/01/2018 10:00PM ET,NYR,0
RW,Brian Gibbons (11547670),Brian Gibbons,11547670,W/UTIL,2500,NYR@ANH 11/01/2018 10:00PM ET,ANH,0.7
LW,Joseph Blandisi (11547674),Joseph Blandisi,11547674,W/UTIL,2500,NYR@ANH 11/01/2018 10:00PM ET,ANH,0.17
LW,Cody McLeod (11547722),Cody McLeod,11547722,W/UTIL,2500,NYR@ANH 11/01/2018 10:00PM ET,NYR,1.07
RW,Troy Terry (11547748),Troy Terry,11547748,W/UTIL,2500,NYR@ANH 11/01/2018 10:00PM ET,ANH,0.7
LW,Matt Beleskey (11547768),Matt Beleskey,11547768,W/UTIL,2500,NYR@ANH 11/01/2018 10:00PM ET,NYR,0
LW,Kalle Kossila (11547790),Kalle Kossila,11547790,W/UTIL,2500,NYR@ANH 11/01/2018 10:00PM ET,ANH,0
LW,Max Jones (11547808),Max Jones,11547808,W/UTIL,2500,NYR@ANH 11/01/2018 10:00PM ET,ANH,0
RW,Anton Rodin (11547810),Anton Rodin,11547810,W/UTIL,2500,NYR@ANH 11/01/2018 10:00PM ET,ANH,0
LW,Giovanni Fiore (11547834),Giovanni Fiore,11547834,W/UTIL,2500,NYR@ANH 11/01/2018 10:00PM ET,ANH,0
D,Luke Schenn (11548210),Luke Schenn,11548210,D/UTIL,2500,NYR@ANH 11/01/2018 10:00PM ET,ANH,1
D,Marc Staal (11548240),Marc Staal,11548240,D/UTIL,2500,NYR@ANH 11/01/2018 10:00PM ET,NYR,1.33
D,Jacob Larsson (11548250),Jacob Larsson,11548250,D/UTIL,2500,NYR@ANH 11/01/2018 10:00PM ET,ANH,1
D,Fredrik Claesson (11548262),Fredrik Claesson,11548262,D/UTIL,2500,NYR@ANH 11/01/2018 10:00PM ET,NYR,1.25
D,Andrej Sustr (11548280),Andrej Sustr,11548280,D/UTIL,2500,NYR@ANH 11/01/2018 10:00PM ET,ANH,1.62
D,John Gilmour (11548296),John Gilmour,11548296,D/UTIL,2500,NYR@ANH 11/01/2018 10:00PM ET,NYR,0
D,Rob O'Gara (11548304),Rob O'Gara,11548304,D/UTIL,2500,NYR@ANH 11/01/2018 10:00PM ET,NYR,0
D,Marcus Pettersson (11548342),Marcus Pettersson,11548342,D/UTIL,2500,NYR@ANH 11/01/2018 10:00PM ET,ANH,0.83
D,Jaycob Megna (11548384),Jaycob Megna,11548384,D/UTIL,2500,NYR@ANH 11/01/2018 10:00PM ET,ANH,0
C,Gabriel Vilardi (11547132),Gabriel Vilardi,11547132,C/UTIL,2500,PHI@LA 11/01/2018 10:30PM ET,LA,0
C,Corban Knight (11547140),Corban Knight,11547140,C/UTIL,2500,PHI@LA 11/01/2018 10:30PM ET,PHI,0.5
C,Jori Lehtera (11547144),Jori Lehtera,11547144,C/UTIL,2500,PHI@LA 11/01/2018 10:30PM ET,PHI,0.96
C,Nate Thompson (11547148),Nate Thompson,11547148,C/UTIL,2500,PHI@LA 11/01/2018 10:30PM ET,LA,0.91
C,Michael Eyssimont (11547216),Michael Eyssimont,11547216,C/UTIL,2500,PHI@LA 11/01/2018 10:30PM ET,LA,0
C,Greg Carey (11547246),Greg Carey,11547246,C/UTIL,2500,PHI@LA 11/01/2018 10:30PM ET,PHI,0
C,Mike Vecchione (11547248),Mike Vecchione,11547248,C/UTIL,2500,PHI@LA 11/01/2018 10:30PM ET,PHI,0
C,Cole Bardreau (11547250),Cole Bardreau,11547250,C/UTIL,2500,PHI@LA 11/01/2018 10:30PM ET,PHI,0
C,Michael Amadio (11547254),Michael Amadio,11547254,C/UTIL,2500,PHI@LA 11/01/2018 10:30PM ET,LA,0.83
LW,Jonny Brodzinski (11547684),Jonny Brodzinski,11547684,W/UTIL,2500,PHI@LA 11/01/2018 10:30PM ET,LA,0
LW,Michael Raffl (11547696),Michael Raffl,11547696,W/UTIL,2500,PHI@LA 11/01/2018 10:30PM ET,PHI,1
LW,Tyrell Goulbourne (11547698),Tyrell Goulbourne,11547698,W/UTIL,2500,PHI@LA 11/01/2018 10:30PM ET,PHI,0
LW,Dale Weise (11547706),Dale Weise,11547706,W/UTIL,2500,PHI@LA 11/01/2018 10:30PM ET,PHI,1.17
RW,Nicolas Aube-Kubel (11547712),Nicolas Aube-Kubel,11547712,W/UTIL,2500,PHI@LA 11/01/2018 10:30PM ET,PHI,0.5
LW,Austin Wagner (11547716),Austin Wagner,11547716,W/UTIL,2500,PHI@LA 11/01/2018 10:30PM ET,LA,0.64
LW,Taylor Leier (11547788),Taylor Leier,11547788,W/UTIL,2500,PHI@LA 11/01/2018 10:30PM ET,PHI,0
RW,David Kase (11547876),David Kase,11547876,W/UTIL,2500,PHI@LA 11/01/2018 10:30PM ET,PHI,0
RW,Zack Mitchell (11547886),Zack Mitchell,11547886,W/UTIL,2500,PHI@LA 11/01/2018 10:30PM ET,LA,0
D,Oscar Fantenberg (11548224),Oscar Fantenberg,11548224,D/UTIL,2500,PHI@LA 11/01/2018 10:30PM ET,LA,1.38
D,Sean Walker (11548244),Sean Walker,11548244,D/UTIL,2500,PHI@LA 11/01/2018 10:30PM ET,LA,1.83
D,Kale Clague (11548344),Kale Clague,11548344,D/UTIL,2500,PHI@LA 11/01/2018 10:30PM ET,LA,0
D,T.J. Brennan (11548378),T.J. Brennan,11548378,D/UTIL,2500,PHI@LA 11/01/2018 10:30PM ET,PHI,0
D,Kurtis MacDermid (11548380),Kurtis MacDermid,11548380,D/UTIL,2500,PHI@LA 11/01/2018 10:30PM ET,LA,0
D,Daniel Brickley (11548390),Daniel Brickley,11548390,D/UTIL,2500,PHI@LA 11/01/2018 10:30PM ET,LA,0
C,Mikhail Vorobyev (11548484),Mikhail Vorobyev,11548484,C/UTIL,2500,PHI@LA 11/01/2018 10:30PM ET,PHI,1.29
C,Dylan Gambrell (11547106),Dylan Gambrell,11547106,C/UTIL,2500,CLS@SJ 11/01/2018 10:30PM ET,SJ,0
C,Rourke Chartier (11547128),Rourke Chartier,11547128,C/UTIL,2500,CLS@SJ 11/01/2018 10:30PM ET,SJ,1.38
C,Barclay Goodrow (11547146),Barclay Goodrow,11547146,C/UTIL,2500,CLS@SJ 11/01/2018 10:30PM ET,SJ,1.04
C,Zac Dalpe (11547158),Zac Dalpe,11547158,C/UTIL,2500,CLS@SJ 11/01/2018 10:30PM ET,CLS,0
C,Lukas Radil (11547218),Lukas Radil,11547218,C/UTIL,2500,CLS@SJ 11/01/2018 10:30PM ET,SJ,0
C,Vincent Praplan (11547220),Vincent Praplan,11547220,C/UTIL,2500,CLS@SJ 11/01/2018 10:30PM ET,SJ,0
C,Maxim Letunov (11547222),Maxim Letunov,11547222,C/UTIL,2500,CLS@SJ 11/01/2018 10:30PM ET,SJ,0
C,Kevin Stenlund (11547224),Kevin Stenlund,11547224,C/UTIL,2500,CLS@SJ 11/01/2018 10:30PM ET,CLS,0
RW,Markus Hannikainen (11547686),Markus Hannikainen,11547686,W/UTIL,2500,CLS@SJ 11/01/2018 10:30PM ET,CLS,2.17
RW,Melker Karlsson (11547690),Melker Karlsson,11547690,W/UTIL,2500,CLS@SJ 11/01/2018 10:30PM ET,SJ,1.25
LW,Lukas Sedlak (11547718),Lukas Sedlak,11547718,W/UTIL,2500,CLS@SJ 11/01/2018 10:30PM ET,CLS,0.61
LW,Nathan Gerbe (11547760),Nathan Gerbe,11547760,W/UTIL,2500,CLS@SJ 11/01/2018 10:30PM ET,CLS,0
RW,Filip Sandberg (11547840),Filip Sandberg,11547840,W/UTIL,2500,CLS@SJ 11/01/2018 10:30PM ET,SJ,0
LW,Jayden Halbgewachs (11547842),Jayden Halbgewachs,11547842,W/UTIL,2500,CLS@SJ 11/01/2018 10:30PM ET,SJ,0
LW,Paul Bittner (11547844),Paul Bittner,11547844,W/UTIL,2500,CLS@SJ 11/01/2018 10:30PM ET,CLS,0
RW,Jonathan Davidsson (11547846),Jonathan Davidsson,11547846,W/UTIL,2500,CLS@SJ 11/01/2018 10:30PM ET,CLS,0
RW,Vitaly Abramov (11547848),Vitaly Abramov,11547848,W/UTIL,2500,CLS@SJ 11/01/2018 10:30PM ET,CLS,0
D,Dean Kukan (11548202),Dean Kukan,11548202,D/UTIL,2500,CLS@SJ 11/01/2018 10:30PM ET,CLS,0.9
D,Adam Clendening (11548220),Adam Clendening,11548220,D/UTIL,2500,CLS@SJ 11/01/2018 10:30PM ET,CLS,0.75
D,Brenden Dillon (11548222),Brenden Dillon,11548222,D/UTIL,2500,CLS@SJ 11/01/2018 10:30PM ET,SJ,1.21
D,Radim Simek (11548264),Radim Simek,11548264,D/UTIL,2500,CLS@SJ 11/01/2018 10:30PM ET,SJ,0
D,Gabriel Carlsson (11548348),Gabriel Carlsson,11548348,D/UTIL,2500,CLS@SJ 11/01/2018 10:30PM ET,CLS,0.5
D,Jacob Middleton (11548350),Jacob Middleton,11548350,D/UTIL,2500,CLS@SJ 11/01/2018 10:30PM ET,SJ,0
D,Tommy Cross (11548352),Tommy Cross,11548352,D/UTIL,2500,CLS@SJ 11/01/2018 10:30PM ET,CLS,0
