"Id","Position","First Name","Nickname","Last Name","FPPG","Played","Salary","Game","Team","Opponent","Injury Indicator","Injury Details","Tier","",""
"29636-54565","G","Andrei","Andrei Vasilevskiy","Vasilevskiy","25.200000762939453","8","9300","NSH@TB","TB","NSH","","","","",""
"29636-64102","C","Connor","Connor McDavid","McDavid","23.418182373046875","11","9300","CHI@EDM","EDM","CHI","","","","",""
"29636-9416","G","Braden","Braden Holtby","Holtby","14.300000190734863","8","9200","WAS@MON","WAS","MON","","","","",""
"29636-8594","C","Sidney","Sidney Crosby","Crosby","19.23999938964844","10","8900","PIT@NYI","PIT","NYI","","","","",""
"29636-41391","C","Nathan","Nathan MacKinnon","MacKinnon","22.366666158040363","12","8900","COL@CGY","COL","CGY","","","","",""
"29636-8718","W","Alex","Alex Ovechkin","Ovechkin","21.519999694824218","10","8800","WAS@MON","WAS","MON","","","","",""
"29636-8595","C","Evgeni","Evgeni Malkin","Malkin","22.76000061035156","10","8700","PIT@NYI","PIT","NYI","","","","",""
"29636-8883","G","Ben","Ben Bishop","Bishop","20.444444444444443","9","8700","DAL@TOR","DAL","TOR","","","","",""
"29636-42869","G","Matt","Matt Murray","Murray","18.8000005086263","6","8700","PIT@NYI","PIT","NYI","","","","",""
"29636-9278","G","Martin","Martin Jones","Jones","15.733334011501736","9","8500","CLS@SJ","SJ","CLS","","","","",""
"29636-8732","G","Semyon","Semyon Varlamov","Varlamov","24.399999618530273","8","8500","COL@CGY","COL","CGY","","","","",""
"29636-12163","G","Sergei","Sergei Bobrovsky","Bobrovsky","10.17142813546317","7","8500","CLS@SJ","CLS","SJ","","","","",""
"29636-8262","W","Patrick","Patrick Kane","Kane","23.833333333333332","12","8400","CHI@EDM","CHI","EDM","","","","",""
"29636-70899","C","Auston","Auston Matthews","Matthews","22.48181845925071","11","8400","DAL@TOR","TOR","DAL","IR","Shoulder","","",""
"29636-66411","G","Juuse","Juuse Saros","Saros","20.899999618530273","8","8400","NSH@TB","NSH","TB","","","","",""
"29636-15268","G","John","John Gibson","Gibson","24.8","10","8300","NYR@ANH","ANH","NYR","","","","",""
"29636-8494","C","John","John Tavares","Tavares","18.3249994913737","12","8200","DAL@TOR","TOR","DAL","","","","",""
"29636-8452","G","Carey","Carey Price","Price","17.5","8","8100","WAS@MON","MON","WAS","","","","",""
"29636-8682","W","Phil","Phil Kessel","Kessel","19.589999389648437","10","8100","PIT@NYI","PIT","NYI","","","","",""
"29636-43214","W","Nikita","Nikita Kucherov","Kucherov","15.090909090909092","11","8000","NSH@TB","TB","NSH","","","","",""
"29636-74064","G","Casey","Casey DeSmith","DeSmith","20.480000305175782","5","8000","PIT@NYI","PIT","NYI","","","","",""
"29636-8612","G","Marc-Andre","Marc-Andre Fleury","Fleury","13.919999694824218","10","8000","VGK@STL","VGK","STL","","","","",""
"29636-23072","G","Frederik","Frederik Andersen","Andersen","19.76000061035156","10","8000","DAL@TOR","TOR","DAL","","","","",""
"29636-11301","G","Cam","Cam Talbot","Talbot","16","10","7900","CHI@EDM","EDM","CHI","","","","",""
"29636-8273","G","Corey","Corey Crawford","Crawford","19.360000610351562","5","7900","CHI@EDM","CHI","EDM","","","","",""
"29636-8212","G","Ryan","Ryan Miller","Miller","16.799999237060547","4","7800","NYR@ANH","ANH","NYR","","","","",""
"29636-8412","G","Jonathan","Jonathan Quick","Quick","1.600000023841858","4","7800","PHI@LA","LA","PHI","O","Knee","","",""
"29636-39253","W","Filip","Filip Forsberg","Forsberg","19.458333333333332","12","7800","NSH@TB","NSH","TB","","","","",""
"29636-8781","G","Cory","Cory Schneider","Schneider","0","1","7800","NJ@DET","NJ","DET","","","","",""
"29636-54065","G","Joonas","Joonas Korpisalo","Korpisalo","16.160000610351563","5","7800","CLS@SJ","CLS","SJ","","","","",""
"29636-14183","G","Keith","Keith Kinkaid","Kinkaid","19.288889567057293","9","7800","NJ@DET","NJ","DET","","","","",""
"29636-62493","W","Artemi","Artemi Panarin","Panarin","18.972726995294746","11","7700","CLS@SJ","CLS","SJ","","","","",""
"29636-12410","W","Taylor","Taylor Hall","Hall","18.400000678168404","9","7700","NJ@DET","NJ","DET","","","","",""
"29636-12417","C","Tyler","Tyler Seguin","Seguin","20.081817626953125","11","7700","DAL@TOR","DAL","TOR","","","","",""
"29636-12619","G","Jack","Jack Campbell","Campbell","15.199999809265137","8","7700","PHI@LA","LA","PHI","","","","",""
"29636-8532","G","Henrik","Henrik Lundqvist","Lundqvist","17.11999969482422","10","7700","NYR@ANH","NYR","ANH","","","","",""
"29636-8553","G","Brian","Brian Elliott","Elliott","11.555555555555555","9","7700","PHI@LA","PHI","LA","","","","",""
"29636-58904","G","Aaron","Aaron Dell","Dell","18.133333841959637","3","7700","CLS@SJ","SJ","CLS","","","","",""
"29636-9112","G","Jake","Jake Allen","Allen","9.600000169542101","9","7700","VGK@STL","STL","VGK","","","","",""
"29636-70635","G","David","David Rittich","Rittich","19.733333587646484","6","7700","COL@CGY","CGY","COL","","","","",""
"29636-54514","W","Johnny","Johnny Gaudreau","Gaudreau","16.96923123873197","13","7600","COL@CGY","CGY","COL","","","","",""
"29636-52475","C","Evgeny","Evgeny Kuznetsov","Kuznetsov","20.31999969482422","10","7600","WAS@MON","WAS","MON","","","","",""
"29636-54809","G","Linus","Linus Ullmark","Ullmark","25.866666158040363","3","7600","BUF@OTT","BUF","OTT","","","","",""
"29636-8864","G","Robin","Robin Lehner","Lehner","22.514286586216517","7","7600","PIT@NYI","NYI","PIT","DTD","Strain","","",""
"29636-8893","G","Anton","Anton Khudobin","Khudobin","15.199999809265137","2","7600","DAL@TOR","DAL","TOR","","","","",""
"29636-8944","G","Chad","Chad Johnson","Johnson","2.933333396911621","3","7600","VGK@STL","STL","VGK","","","","",""
"29636-8986","W","Jamie","Jamie Benn","Benn","15.454545454545455","11","7600","DAL@TOR","DAL","TOR","","","","",""
"29636-14483","G","Louis","Louis Domingue","Domingue","17.066666920979817","3","7500","NSH@TB","TB","NSH","","","","",""
"29636-82094","G","Alexandar","Alexandar Georgiev","Georgiev","15.199999809265137","2","7500","NYR@ANH","NYR","ANH","","","","",""
"29636-8472","G","Pekka","Pekka Rinne","Rinne","21.76000061035156","5","7500","NSH@TB","NSH","TB","","","","",""
"29636-8780","G","Jonathan","Jonathan Bernier","Bernier","6.599999904632568","4","7500","NJ@DET","DET","NJ","","","","",""
"29636-11133","G","Carter","Carter Hutton","Hutton","17.244444105360245","9","7500","BUF@OTT","BUF","OTT","","","","",""
"29636-8252","G","Cam","Cam Ward","Ward","14.857142857142858","7","7400","CHI@EDM","CHI","EDM","","","","",""
"29636-8292","G","Craig","Craig Anderson","Anderson","18.23999938964844","10","7400","BUF@OTT","OTT","BUF","","","","",""
"29636-8293","G","Peter","Peter Budaj","Budaj","4","1","7400","PHI@LA","LA","PHI","","","","",""
"29636-43131","G","Malcolm","Malcolm Subban","Subban","4.533333460489909","3","7400","VGK@STL","VGK","STL","","","","",""
"29636-66737","W","Mikko","Mikko Rantanen","Rantanen","21.166666666666668","12","7400","COL@CGY","COL","CGY","","","","",""
"29636-8556","W","Claude","Claude Giroux","Giroux","15.916666666666666","12","7400","PHI@LA","PHI","LA","","","","",""
"29636-8633","G","Thomas","Thomas Greiss","Greiss","16","6","7400","PIT@NYI","NYI","PIT","","","","",""
"29636-8655","W","Steven","Steven Stamkos","Stamkos","11.527273004705256","11","7400","NSH@TB","TB","NSH","","","","",""
"29636-8672","G","Mike","Mike Smith","Smith","11.911110772026909","9","7400","COL@CGY","CGY","COL","","","","",""
"29636-23071","W","Vladimir","Vladimir Tarasenko","Tarasenko","17.23999938964844","10","7400","VGK@STL","STL","VGK","","","","",""
"29636-64100","C","Jack","Jack Eichel","Eichel","16.791666666666668","12","7400","BUF@OTT","BUF","OTT","","","","",""
"29636-15258","G","Garret","Garret Sparks","Sparks","21.200000762939453","2","7400","DAL@TOR","TOR","DAL","","","","",""
"29636-9288","G","Antti","Antti Niemi","Niemi","18.133333841959637","3","7300","WAS@MON","MON","WAS","","","","",""
"29636-37968","W","Jonathan","Jonathan Marchessault","Marchessault","17.3249994913737","12","7300","VGK@STL","VGK","STL","","","","",""
"29636-9302","G","Michal","Michal Neuvirth","Neuvirth","-11.199999809265137","1","7300","PHI@LA","PHI","LA","","","","",""
"29636-8353","G","Jimmy","Jimmy Howard","Howard","15.644444783528646","9","7300","NJ@DET","DET","NJ","","","","",""
"29636-8426","D","Brent","Brent Burns","Burns","17.849999745686848","12","7300","CLS@SJ","SJ","CLS","","","","",""
"29636-12697","G","Philipp","Philipp Grubauer","Grubauer","22","4","7300","COL@CGY","COL","CGY","","","","",""
"29636-54028","G","Pheonix","Pheonix Copley","Copley","10.666666666666666","3","7300","WAS@MON","WAS","MON","","","","",""
"29636-9039","G","Mikko","Mikko Koskinen","Koskinen","19.200000762939453","1","7300","CHI@EDM","EDM","CHI","","","","",""
"29636-9269","C","Logan","Logan Couture","Couture","17.150000254313152","12","7200","CLS@SJ","SJ","CLS","","","","",""
"29636-39990","C","William","William Karlsson","Karlsson","10.72499974568685","12","7200","VGK@STL","VGK","STL","","","","",""
"29636-40023","G","Anton","Anton Forsberg","Forsberg","12.82285679408482","35","7200","CHI@EDM","CHI","EDM","","","","",""
"29636-11370","G","Eddie","Eddie Lack","Lack","6.900000095367432","8","7200","NJ@DET","NJ","DET","","","","",""
"29636-39267","G","Troy","Troy Grosenick","Grosenick","0","0","7200","NSH@TB","NSH","TB","","","","",""
"29636-12654","G","Calvin","Calvin Pickard","Pickard","8","3","7200","PHI@LA","PHI","LA","","","","",""
"29636-8714","C","Nicklas","Nicklas Backstrom","Backstrom","14.8","10","7200","WAS@MON","WAS","MON","","","","",""
"29636-70509","G","Ville","Ville Husso","Husso","0","0","7200","VGK@STL","STL","VGK","","","","",""
"29636-8254","C","Jonathan","Jonathan Toews","Toews","14.666666666666666","12","7100","CHI@EDM","CHI","EDM","","","","",""
"29636-8615","W","Joe","Joe Pavelski","Pavelski","10.641666412353516","12","7000","CLS@SJ","SJ","CLS","","","","",""
"29636-41389","C","Sean","Sean Monahan","Monahan","14.984615619365986","13","7000","COL@CGY","CGY","COL","","","","",""
"29636-39844","G","Mike","Mike Condon","Condon","-3.200000047683716","2","7000","BUF@OTT","OTT","BUF","","","","",""
"29636-8303","W","Jakub","Jakub Voracek","Voracek","13.566666920979818","12","6900","PHI@LA","PHI","LA","","","","",""
"29636-15269","W","Rickard","Rickard Rakell","Rakell","11.807692307692308","13","6900","NYR@ANH","ANH","NYR","","","","",""
"29636-66683","W","Mitchell","Mitchell Marner","Marner","17.541666666666668","12","6800","DAL@TOR","TOR","DAL","","","","",""
"29636-8394","C","Anze","Anze Kopitar","Kopitar","9.730000305175782","10","6800","PHI@LA","LA","PHI","","","","",""
"29636-14697","W","Gabriel","Gabriel Landeskog","Landeskog","19.5","12","6800","COL@CGY","COL","CGY","","","","",""
"29636-14056","W","Cam","Cam Atkinson","Atkinson","17.73636419122869","11","6800","CLS@SJ","CLS","SJ","","","","",""
"29636-8134","C","Ryan","Ryan Getzlaf","Getzlaf","14.925000190734863","8","6800","NYR@ANH","ANH","NYR","","","","",""
"29636-14457","D","John","John Klingberg","Klingberg","15.863636363636363","11","6700","DAL@TOR","DAL","TOR","","","","",""
"29636-14563","W","Ryan","Ryan Nugent-Hopkins","Nugent-Hopkins","16.918182373046875","11","6700","CHI@EDM","EDM","CHI","","","","",""
"29636-14565","C","Mika","Mika Zibanejad","Zibanejad","17.1999994913737","12","6700","NYR@ANH","NYR","ANH","","","","",""
"29636-9092","W","Evander","Evander Kane","Kane","14.52500025431315","12","6700","CLS@SJ","SJ","CLS","","","","",""
"29636-8551","D","Erik","Erik Karlsson","Karlsson","11.633333841959635","12","6600","CLS@SJ","SJ","CLS","","","","",""
"29636-9015","D","John","John Carlson","Carlson","20.160000610351563","10","6600","WAS@MON","WAS","MON","","","","",""
"29636-59207","W","Viktor","Viktor Arvidsson","Arvidsson","15.199999491373697","12","6600","NSH@TB","NSH","TB","","","","",""
"29636-58331","C","Leon","Leon Draisaitl","Draisaitl","16.199999722567473","11","6600","CHI@EDM","EDM","CHI","","","","",""
"29636-12439","W","Jeff","Jeff Skinner","Skinner","15.324999491373697","12","6500","BUF@OTT","BUF","OTT","","","","",""
"29636-39238","W","Anders","Anders Lee","Lee","15.645455100319602","11","6500","PIT@NYI","NYI","PIT","","","","",""
"29636-58926","C","Brayden","Brayden Point","Point","17.272727272727273","11","6500","NSH@TB","TB","NSH","","","","",""
"29636-15306","W","Brendan","Brendan Gallagher","Gallagher","14.081817626953125","11","6500","WAS@MON","MON","WAS","","","","",""
"29636-73885","W","Alex","Alex DeBrincat","DeBrincat","17.816666920979817","12","6400","CHI@EDM","CHI","EDM","","","","",""
"29636-12592","C","Ryan","Ryan Johansen","Johansen","14.033332824707031","12","6400","NSH@TB","NSH","TB","","","","",""
"29636-12644","W","Kyle","Kyle Palmieri","Palmieri","23.055555555555557","9","6400","NJ@DET","NJ","DET","","","","",""
"29636-8635","W","T.J.","T.J. Oshie","Oshie","15.939999389648438","10","6400","WAS@MON","WAS","MON","","","","",""
"29636-15308","C","Sean","Sean Couturier","Couturier","8.708333333333334","12","6400","PHI@LA","PHI","LA","","","","",""
"29636-21546","W","Alexander","Alexander Radulov","Radulov","21.271427699497767","7","6300","DAL@TOR","DAL","TOR","DTD","Lower body","","",""
"29636-66685","C","Mathew","Mathew Barzal","Barzal","11.881817904385654","11","6300","PIT@NYI","NYI","PIT","","","","",""
"29636-9107","D","P.K.","P.K. Subban","Subban","14.733333587646484","12","6300","NSH@TB","NSH","TB","","","","",""
"29636-70571","W","Jake","Jake Guentzel","Guentzel","12.769999694824218","10","6300","PIT@NYI","PIT","NYI","","","","",""
"29636-12253","W","Mats","Mats Zuccarello","Zuccarello","12.633333841959635","12","6300","NYR@ANH","NYR","ANH","","","","",""
"29636-9266","C","Brayden","Brayden Schenn","Schenn","13.610000610351562","10","6200","VGK@STL","STL","VGK","","","","",""
"29636-62788","C","Dylan","Dylan Larkin","Larkin","16.9499994913737","12","6200","NJ@DET","DET","NJ","","","","",""
"29636-8608","D","Kris","Kris Letang","Letang","19.011111789279514","9","6200","PIT@NYI","PIT","NYI","DTD","Lower body","","",""
"29636-8158","W","Ilya","Ilya Kovalchuk","Kovalchuk","11.990908536044033","11","6200","PHI@LA","LA","PHI","","","","",""
"29636-70904","W","Matthew","Matthew Tkachuk","Tkachuk","14.40769254244291","13","6100","COL@CGY","CGY","COL","","","","",""
"29636-21927","W","Chris","Chris Kreider","Kreider","13.458333333333334","12","6100","NYR@ANH","NYR","ANH","","","","",""
"29636-8765","W","Patric","Patric Hornqvist","Hornqvist","12.05","10","6100","PIT@NYI","PIT","NYI","","","","",""
"29636-41592","C","Max","Max Domi","Domi","14.263635808771307","11","6100","WAS@MON","MON","WAS","","","","",""
"29636-8275","C","Matt","Matt Duchene","Duchene","14.19999972256747","11","6000","BUF@OTT","OTT","BUF","","","","",""
"29636-80991","C","Nico","Nico Hischier","Hischier","13.233333163791233","9","6000","NJ@DET","NJ","DET","","","","",""
"29636-8669","D","Victor","Victor Hedman","Hedman","11.433333502875435","9","6000","NSH@TB","TB","NSH","IR","Upper body","","",""
"29636-8797","W","James","James van Riemsdyk","van Riemsdyk","6.400000095367432","2","6000","PHI@LA","PHI","LA","IR","Lower body","","",""
"29636-8406","D","Drew","Drew Doughty","Doughty","12.227272727272727","11","5800","PHI@LA","LA","PHI","","","","",""
"29636-12624","W","Tyler","Tyler Toffoli","Toffoli","9.718181956898082","11","5800","PHI@LA","LA","PHI","","","","",""
"29636-8555","C","Jeff","Jeff Carter","Carter","9.545454545454545","11","5800","PHI@LA","LA","PHI","","","","",""
"29636-41390","W","Elias","Elias Lindholm","Lindholm","14.961538461538462","13","5800","COL@CGY","CGY","COL","","","","",""
"29636-9124","C","Ryan","Ryan O'Reilly","O'Reilly","18.980000305175782","10","5800","VGK@STL","STL","VGK","","","","",""
"29636-40036","W","Tomas","Tomas Hertl","Hertl","16.083333333333332","12","5700","CLS@SJ","SJ","CLS","","","","",""
"29636-8402","W","Dustin","Dustin Brown","Brown","18.899999618530273","1","5700","PHI@LA","LA","PHI","","","","",""
"29636-8441","W","Max","Max Pacioretty","Pacioretty","7.2","10","5700","VGK@STL","VGK","STL","DTD","Upper body","","",""
"29636-13612","C","Tyler","Tyler Johnson","Johnson","14.460000610351562","10","5700","NSH@TB","TB","NSH","","","","",""
"29636-8495","W","Josh","Josh Bailey","Bailey","12.345454822887074","11","5700","PIT@NYI","NYI","PIT","","","","",""
"29636-8619","W","Patrick","Patrick Marleau","Marleau","8.108333587646484","12","5700","DAL@TOR","TOR","DAL","","","","",""
"29636-12262","D","Roman","Roman Josi","Josi","11.641666412353516","12","5700","NSH@TB","NSH","TB","","","","",""
"29636-70901","C","Pierre-Luc","Pierre-Luc Dubois","Dubois","12.309090354225852","11","5600","CLS@SJ","CLS","SJ","","","","",""
"29636-54521","D","Shayne","Shayne Gostisbehere","Gostisbehere","11.433333079020182","12","5600","PHI@LA","PHI","LA","","","","",""
"29636-12628","W","Mark","Mark Stone","Stone","12.10909063165838","11","5600","BUF@OTT","OTT","BUF","","","","",""
"29636-8640","W","David","David Perron","Perron","13.239999389648437","10","5600","VGK@STL","STL","VGK","","","","",""
"29636-8230","D","Mark","Mark Giordano","Giordano","14.453845684344952","13","5500","COL@CGY","CGY","COL","","","","",""
"29636-8274","C","Paul","Paul Stastny","Stastny","6.400000254313151","3","5500","VGK@STL","VGK","STL","IR","Undisclosed","","",""
"29636-8319","W","James","James Neal","Neal","7.138461773212139","13","5500","COL@CGY","CGY","COL","","","","",""
"29636-8614","C","Joe","Joe Thornton","Thornton","4.799999872843425","3","5500","CLS@SJ","SJ","CLS","","","","",""
"29636-42417","W","Jonathan","Jonathan Drouin","Drouin","11.354545593261719","11","5500","WAS@MON","MON","WAS","","","","",""
"29636-13982","W","Gustav","Gustav Nyquist","Nyquist","10.766666412353516","12","5500","NJ@DET","DET","NJ","","","","",""
"29636-37881","D","Morgan","Morgan Rielly","Rielly","19.625","12","5500","DAL@TOR","TOR","DAL","","","","",""
"29636-68640","D","Zach","Zach Werenski","Werenski","12.10909063165838","11","5400","CLS@SJ","CLS","SJ","","","","",""
"29636-8266","D","Duncan","Duncan Keith","Keith","11.241666158040365","12","5400","CHI@EDM","CHI","EDM","","","","",""
"29636-21689","W","Reilly","Reilly Smith","Smith","10.15000025431315","12","5400","VGK@STL","VGK","STL","","","","",""
"29636-8404","W","Wayne","Wayne Simmonds","Simmonds","11.458333333333334","12","5400","PHI@LA","PHI","LA","","","","",""
"29636-53606","W","Yanni","Yanni Gourde","Gourde","14.290908813476562","11","5400","NSH@TB","TB","NSH","","","","",""
"29636-8741","C","Nazem","Nazem Kadri","Kadri","9.433333079020182","12","5400","DAL@TOR","TOR","DAL","","","","",""
"29636-21122","W","Jaden","Jaden Schwartz","Schwartz","8.962499618530273","8","5400","VGK@STL","STL","VGK","","","","",""
"29636-14473","W","Jakob","Jakob Silfverberg","Silfverberg","11.625","8","5300","NYR@ANH","ANH","NYR","","","","",""
"29636-8502","W","Kyle","Kyle Okposo","Okposo","9.966666539510092","12","5300","BUF@OTT","BUF","OTT","","","","",""
"29636-8651","D","Alex","Alex Pietrangelo","Pietrangelo","10.05","10","5300","VGK@STL","STL","VGK","","","","",""
"29636-8702","C","Ryan","Ryan Kesler","Kesler","8.980000305175782","10","5300","NYR@ANH","ANH","NYR","","","","",""
"29636-9025","W","Jordan","Jordan Eberle","Eberle","9.809091047807174","11","5300","PIT@NYI","NYI","PIT","","","","",""
"29636-9077","C","Kyle","Kyle Turris","Turris","9.683333079020182","12","5300","NSH@TB","NSH","TB","","","","",""
"29636-66690","W","Timo","Timo Meier","Meier","18.0500005086263","12","5200","CLS@SJ","SJ","CLS","","","","",""
"29636-8539","W","Nick","Nick Foligno","Foligno","10.154545177112926","11","5200","CLS@SJ","CLS","SJ","","","","",""
"29636-41394","D","Seth","Seth Jones","Jones","11.399999618530273","4","5200","CLS@SJ","CLS","SJ","","","","",""
"29636-73889","C","Nick","Nick Schmaltz","Schmaltz","8.241666793823242","12","5100","CHI@EDM","CHI","EDM","","","","",""
"29636-8534","C","Jason","Jason Spezza","Spezza","9.736363497647373","11","5100","DAL@TOR","DAL","TOR","","","","",""
"29636-8641","W","Alexander","Alexander Steen","Steen","12.839999389648437","10","5100","VGK@STL","STL","VGK","DTD","Neck","","",""
"29636-13981","D","Tyson","Tyson Barrie","Barrie","10.875","12","5100","COL@CGY","COL","CGY","","","","",""
"29636-9083","D","Ryan","Ryan Ellis","Ellis","9.641666412353516","12","5100","NSH@TB","NSH","TB","","","","",""
"29636-54503","W","Ryan","Ryan Dzingel","Dzingel","12.622222052680122","9","5000","BUF@OTT","OTT","BUF","","","","",""
"29636-15239","W","Craig","Craig Smith","Smith","10.575000127156576","12","5000","NSH@TB","NSH","TB","","","","",""
"29636-59276","W","William","William Nylander","Nylander","10.941463563500381","82","5000","DAL@TOR","TOR","DAL","O","Contract dispute","","",""
"29636-42912","D","Oscar","Oscar Klefbom","Klefbom","11.581818320534445","11","5000","CHI@EDM","EDM","CHI","","","","",""
"29636-9189","C","Mikael","Mikael Backlund","Backlund","7.6923076923076925","13","5000","COL@CGY","CGY","COL","","","","",""
"29636-55375","W","Sam","Sam Reinhart","Reinhart","9.033333460489908","12","4900","BUF@OTT","BUF","OTT","","","","",""
"29636-12411","D","Ryan","Ryan McDonagh","McDonagh","12.663636641068893","11","4900","NSH@TB","TB","NSH","","","","",""
"29636-12460","D","Cam","Cam Fowler","Fowler","10.746153611403246","13","4900","NYR@ANH","ANH","NYR","","","","",""
"29636-11148","W","Paul","Paul Byron","Byron","11.527273004705256","11","4900","WAS@MON","MON","WAS","DTD","Lower body","","",""
"29636-8198","W","Thomas","Thomas Vanek","Vanek","6.125","12","4800","NJ@DET","DET","NJ","O","Lower body","","",""
"29636-8267","D","Brent","Brent Seabrook","Seabrook","12.616666158040365","12","4800","CHI@EDM","CHI","EDM","","","","",""
"29636-21897","C","Brock","Brock Nelson","Nelson","12.218181263316762","11","4800","PIT@NYI","NYI","PIT","","","","",""
"29636-12843","W","Adam","Adam Henrique","Henrique","7.892307574932392","13","4800","NYR@ANH","ANH","NYR","","","","",""
"29636-66511","D","Ivan","Ivan Provorov","Provorov","8.733333587646484","12","4800","PHI@LA","PHI","LA","","","","",""
"29636-15315","W","Ondrej","Ondrej Palat","Palat","6.8666665818956165","9","4800","NSH@TB","TB","NSH","DTD","Lower body","","",""
"29636-11365","D","Kevin","Kevin Shattenkirk","Shattenkirk","8.48181845925071","11","4700","NYR@ANH","NYR","ANH","","","","",""
"29636-9321","W","Tomas","Tomas Tatar","Tatar","12.672726717862217","11","4700","WAS@MON","MON","WAS","","","","",""
"29636-14474","D","Sami","Sami Vatanen","Vatanen","13.033333672417534","9","4700","NJ@DET","NJ","DET","","","","",""
"29636-39269","C","Erik","Erik Haula","Haula","6.375","12","4700","VGK@STL","VGK","STL","","","","",""
"29636-58990","C","Kevin","Kevin Hayes","Hayes","7.066666920979817","12","4700","NYR@ANH","NYR","ANH","","","","",""
"29636-12952","D","Jake","Jake Gardiner","Gardiner","7.841666539510091","12","4700","DAL@TOR","TOR","DAL","","","","",""
"29636-15251","W","Boone","Boone Jenner","Jenner","9.4272724498402","11","4700","CLS@SJ","CLS","SJ","","","","",""
"29636-15277","C","Phillip","Phillip Danault","Danault","7.199999722567472","11","4700","WAS@MON","MON","WAS","","","","",""
"29636-8138","W","Bobby","Bobby Ryan","Ryan","8.718181956898082","11","4700","BUF@OTT","OTT","BUF","","","","",""
"29636-66508","W","Travis","Travis Konecny","Konecny","7.508333206176758","12","4700","PHI@LA","PHI","LA","","","","",""
"29636-42993","D","Rasmus","Rasmus Ristolainen","Ristolainen","9.52500025431315","12","4700","BUF@OTT","BUF","OTT","","","","",""
"29636-15360","W","J.T.","J.T. Miller","Miller","11.063636086203836","11","4600","NSH@TB","TB","NSH","","","","",""
"29636-80992","C","Nolan","Nolan Patrick","Patrick","7.555555555555555","9","4600","PHI@LA","PHI","LA","","","","",""
"29636-43139","W","Andreas","Andreas Athanasiou","Athanasiou","11.48181845925071","11","4600","NJ@DET","DET","NJ","DTD","Undisclosed","","",""
"29636-39235","C","Chris","Chris Tierney","Tierney","13.12727217240767","11","4600","BUF@OTT","OTT","BUF","","","","",""
"29636-8647","D","Erik","Erik Johnson","Johnson","9.59999974568685","12","4600","COL@CGY","COL","CGY","","","","",""
"29636-54743","C","Alexander","Alexander Wennberg","Wennberg","5.718181956898082","11","4600","CLS@SJ","CLS","SJ","","","","",""
"29636-58877","W","Conor","Conor Sheary","Sheary","8.325000127156576","12","4600","BUF@OTT","BUF","OTT","","","","",""
"29636-8726","D","Mike","Mike Green","Green","11.199999491373697","3","4600","NJ@DET","DET","NJ","","","","",""
"29636-23226","W","Tom","Tom Wilson","Wilson","7.908974671975161","78","4600","WAS@MON","WAS","MON","O","Suspension","","",""
"29636-11204","D","Jake","Jake Muzzin","Muzzin","7.127272865988991","11","4600","PHI@LA","LA","PHI","","","","",""
"29636-8178","W","Milan","Milan Lucic","Lucic","5.44545468417081","11","4600","CHI@EDM","EDM","CHI","","","","",""
"29636-14456","D","Mattias","Mattias Ekholm","Ekholm","10.966667175292969","12","4500","NSH@TB","NSH","TB","","","","",""
"29636-9354","W","Pat","Pat Maroon","Maroon","8.569999694824219","10","4500","VGK@STL","STL","VGK","","","","",""
"29636-54477","W","Bryan","Bryan Rust","Rust","6.480000305175781","10","4500","PIT@NYI","PIT","NYI","","","","",""
"29636-70907","D","Mikhail","Mikhail Sergachev","Sergachev","7.845454822887074","11","4500","NSH@TB","TB","NSH","","","","",""
"29636-39295","C","Carl","Carl Soderberg","Soderberg","10.833333333333334","12","4500","COL@CGY","COL","CGY","","","","",""
"29636-70168","W","Alex","Alex Tuch","Tuch","16.524999618530273","4","4500","VGK@STL","VGK","STL","","","","",""
"29636-39464","D","Hampus","Hampus Lindholm","Lindholm","11.646153376652645","13","4500","NYR@ANH","ANH","NYR","","","","",""
"29636-42772","W","Josh","Josh Anderson","Anderson","12.654545177112926","11","4500","CLS@SJ","CLS","SJ","","","","",""
"29636-15280","W","Brandon","Brandon Saad","Saad","8.741666793823242","12","4500","CHI@EDM","CHI","EDM","","","","",""
"29636-11201","D","Jeff","Jeff Petry","Petry","12.0727275501598","11","4500","WAS@MON","MON","WAS","","","","",""
"29636-15341","W","Ty","Ty Rattie","Rattie","7.840000152587891","5","4500","CHI@EDM","EDM","CHI","IR","Abdomen","","",""
"29636-8202","W","Jason","Jason Pominville","Pominville","12.15000025431315","12","4400","BUF@OTT","BUF","OTT","","","","",""
"29636-66759","D","Thomas","Thomas Chabot","Chabot","15.62727217240767","11","4400","BUF@OTT","OTT","BUF","","","","",""
"29636-82179","C","Alexander","Alexander Kerfoot","Kerfoot","8.325000127156576","12","4400","COL@CGY","COL","CGY","","","","",""
"29636-58686","W","Kasperi","Kasperi Kapanen","Kapanen","12.533332824707031","12","4400","DAL@TOR","TOR","DAL","","","","",""
"29636-62783","W","Joonas","Joonas Donskoi","Donskoi","10.72499974568685","12","4400","CLS@SJ","SJ","CLS","","","","",""
"29636-23053","W","Jesper","Jesper Fast","Fast","8.59999974568685","12","4400","NYR@ANH","NYR","ANH","","","","",""
"29636-8838","D","Johnny","Johnny Boychuk","Boychuk","7.01818154074929","11","4400","PIT@NYI","NYI","PIT","","","","",""
"29636-70513","W","Pavel","Pavel Buchnevich","Buchnevich","7.80999984741211","10","4400","NYR@ANH","NYR","ANH","","","","",""
"29636-42910","D","Darnell","Darnell Nurse","Nurse","10.98181845925071","11","4400","CHI@EDM","EDM","CHI","","","","",""
"29636-15313","W","Vladislav","Vladislav Namestnikov","Namestnikov","5.745454614812678","11","4400","NYR@ANH","NYR","ANH","","","","",""
"29636-21523","W","Alex","Alex Killorn","Killorn","7.363636363636363","11","4300","NSH@TB","TB","NSH","","","","",""
"29636-11284","C","Cody","Cody Eakin","Eakin","7.422222561306423","9","4300","VGK@STL","VGK","STL","","","","",""
"29636-43093","D","Shea","Shea Theodore","Theodore","8.541666666666666","12","4300","VGK@STL","VGK","STL","","","","",""
"29636-8328","D","Matt","Matt Niskanen","Niskanen","10.240000152587891","10","4300","WAS@MON","WAS","MON","","","","",""
"29636-70908","W","Tyson","Tyson Jost","Jost","3.9454546841708096","11","4300","COL@CGY","COL","CGY","O","Head","","",""
"29636-8497","C","Frans","Frans Nielsen","Nielsen","7.590909090909091","11","4300","NJ@DET","DET","NJ","DTD","Undisclosed","","",""
"29636-8516","C","Artem","Artem Anisimov","Anisimov","7.733333587646484","12","4300","CHI@EDM","CHI","EDM","","","","",""
"29636-61246","D","Colton","Colton Parayko","Parayko","10.34000015258789","10","4300","VGK@STL","STL","VGK","","","","",""
"29636-70483","W","Artturi","Artturi Lehkonen","Lehkonen","9.9636362249201","11","4300","WAS@MON","MON","WAS","","","","",""
"29636-8294","C","Derick","Derick Brassard","Brassard","8.5625","8","4200","PIT@NYI","PIT","NYI","DTD","Lower body","","",""
"29636-13472","D","Dmitry","Dmitry Orlov","Orlov","5.279999923706055","10","4200","WAS@MON","WAS","MON","","","","",""
"29636-8475","C","Travis","Travis Zajac","Zajac","10.162500381469727","8","4200","NJ@DET","NJ","DET","","","","",""
"29636-12609","W","Zach","Zach Hyman","Hyman","7.599999745686849","12","4200","DAL@TOR","TOR","DAL","","","","",""
"29636-8628","D","Marc-Edouard","Marc-Edouard Vlasic","Vlasic","7.866666793823242","12","4200","CLS@SJ","SJ","CLS","","","","",""
"29636-58891","W","Kevin","Kevin Labanc","Labanc","8.816666920979818","12","4200","CLS@SJ","SJ","CLS","","","","",""
"29636-9990","C","Lars","Lars Eller","Eller","8.13000030517578","10","4200","WAS@MON","WAS","MON","","","","",""
"29636-62294","D","Brady","Brady Skjei","Skjei","8.866666793823242","12","4200","NYR@ANH","NYR","ANH","","","","",""
"29636-11170","D","Nick","Nick Leddy","Leddy","4.599999861283735","11","4200","PIT@NYI","NYI","PIT","","","","",""
"29636-39870","W","Tanner","Tanner Pearson","Pearson","3.6363636363636362","11","4200","PHI@LA","LA","PHI","","","","",""
"29636-12299","D","David","David Savard","Savard","7.490909229625355","11","4100","CLS@SJ","CLS","SJ","","","","",""
"29636-43134","W","Anthony","Anthony Mantha","Mantha","8.15000025431315","12","4100","NJ@DET","DET","NJ","","","","",""
"29636-66686","W","Anthony","Anthony Beauvillier","Beauvillier","4.720000076293945","10","4100","PIT@NYI","NYI","PIT","","","","",""
"29636-8336","C","Valtteri","Valtteri Filppula","Filppula","8.618182095614346","11","4100","PIT@NYI","NYI","PIT","","","","",""
"29636-42773","W","Oliver","Oliver Bjorkstrand","Bjorkstrand","5.454545454545454","11","4100","CLS@SJ","CLS","SJ","","","","",""
"29636-11158","D","T.J.","T.J. Brodie","Brodie","6.399999765249399","13","4100","COL@CGY","CGY","COL","","","","",""
"29636-42924","D","Colin","Colin Miller","Miller","6.974999745686849","12","4100","VGK@STL","VGK","STL","","","","",""
"29636-66674","W","Dominik","Dominik Simon","Simon","9.759999847412109","10","4000","PIT@NYI","PIT","NYI","","","","",""
"29636-80005","D","Neal","Neal Pionk","Pionk","12.25","10","4000","NYR@ANH","NYR","ANH","","","","",""
"29636-8348","D","Niklas","Niklas Kronwall","Kronwall","6.0444446139865455","9","4000","NJ@DET","DET","NJ","","","","",""
"29636-8384","W","Michael","Michael Frolik","Frolik","8.366666793823242","12","4000","COL@CGY","CGY","COL","","","","",""
"29636-70925","C","Brett","Brett Howden","Howden","7.375","12","4000","NYR@ANH","NYR","ANH","","","","",""
"29636-54575","D","Esa","Esa Lindell","Lindell","9.5727275501598","11","4000","DAL@TOR","DAL","TOR","","","","",""
"29636-8584","W","Mikkel","Mikkel Boedker","Boedker","8.190908952192826","11","4000","BUF@OTT","OTT","BUF","","","","",""
"29636-74132","D","Maxime","Maxime Lajoie","Lajoie","13.418182373046875","11","4000","BUF@OTT","OTT","BUF","","","","",""
"29636-21926","D","Brian","Brian Dumoulin","Dumoulin","7.519999694824219","10","4000","PIT@NYI","PIT","NYI","","","","",""
"29636-70279","W","J.T.","J.T. Compher","Compher","12.519999694824218","5","4000","COL@CGY","COL","CGY","IR","Head","","",""
"29636-8967","D","Alec","Alec Martinez","Martinez","8.654545177112926","11","4000","PHI@LA","LA","PHI","","","","",""
"29636-59208","W","Kevin","Kevin Fiala","Fiala","7.308333079020183","12","4000","NSH@TB","NSH","TB","","","","",""
"29636-15287","C","Jean-Gabriel","Jean-Gabriel Pageau","Pageau","8.16153814853766","78","4000","BUF@OTT","OTT","BUF","IR","Achilles","","",""
"29636-15340","D","Joel","Joel Edmundson","Edmundson","10.300000190734863","8","4000","VGK@STL","STL","VGK","","","","",""
"29636-62492","D","Erik","Erik Gustafsson","Gustafsson","9.533333460489908","12","3900","CHI@EDM","CHI","EDM","","","","",""
"29636-8228","D","Dion","Dion Phaneuf","Phaneuf","4.363636363636363","11","3900","PHI@LA","LA","PHI","","","","",""
"29636-43135","W","Tyler","Tyler Bertuzzi","Bertuzzi","8.883333206176758","12","3900","NJ@DET","DET","NJ","","","","",""
"29636-8327","D","Trevor","Trevor Daley","Daley","6.599999904632568","8","3900","NJ@DET","DET","NJ","","","","",""
"29636-85132","D","Rasmus","Rasmus Dahlin","Dahlin","5.708333333333333","12","3900","BUF@OTT","BUF","OTT","","","","",""
"29636-11410","D","Justin","Justin Braun","Braun","6.441666920979817","12","3900","CLS@SJ","SJ","CLS","","","","",""
"29636-82075","D","Will","Will Butcher","Butcher","8.277777777777779","9","3900","NJ@DET","NJ","DET","","","","",""
"29636-12449","W","Brett","Brett Connolly","Connolly","9.40999984741211","10","3900","WAS@MON","WAS","MON","","","","",""
"29636-43200","D","Ryan","Ryan Pulock","Pulock","9.718181956898082","11","3900","PIT@NYI","NYI","PIT","","","","",""
"29636-21936","D","Dylan","Dylan DeMelo","DeMelo","8.80000027743253","11","3900","BUF@OTT","OTT","BUF","","","","",""
"29636-70118","W","Miles","Miles Wood","Wood","9.211111280653212","9","3900","NJ@DET","NJ","DET","","","","",""
"29636-12793","D","Brayden","Brayden McNabb","McNabb","3.7333332697550454","12","3900","VGK@STL","VGK","STL","","","","",""
"29636-70375","D","Nikita","Nikita Zaitsev","Zaitsev","5.466666539510091","12","3900","DAL@TOR","TOR","DAL","","","","",""
"29636-8972","C","Tyler","Tyler Bozak","Bozak","7.730000305175781","10","3900","VGK@STL","STL","VGK","","","","",""
"29636-61245","W","Devin","Devin Shore","Shore","8.809091047807174","11","3900","DAL@TOR","DAL","TOR","","","","",""
"29636-42862","D","Olli","Olli Maatta","Maatta","5.566666497124566","9","3900","PIT@NYI","PIT","NYI","","","","",""
"29636-97147","W","Brady","Brady Tkachuk","Tkachuk","20.850000381469727","4","3900","BUF@OTT","OTT","BUF","IR","Leg","","",""
"29636-59269","D","Robert","Robert Hagg","Hagg","10","12","3900","PHI@LA","PHI","LA","","","","",""
"29636-66515","D","Vince","Vince Dunn","Dunn","13.287500381469727","8","3900","VGK@STL","STL","VGK","","","","",""
"29636-62429","C","Adrian","Adrian Kempe","Kempe","5.309091047807173","11","3900","PHI@LA","LA","PHI","","","","",""
"29636-12259","D","Brendan","Brendan Smith","Smith","5.266666730244954","12","3900","NYR@ANH","NYR","ANH","","","","",""
"29636-8167","D","Ron","Ron Hainsey","Hainsey","8.133333206176758","12","3900","DAL@TOR","TOR","DAL","","","","",""
"29636-83096","W","Dominik","Dominik Kahun","Kahun","8.508333206176758","12","3800","CHI@EDM","CHI","EDM","","","","",""
"29636-73909","D","Samuel","Samuel Girard","Girard","6.283333460489909","12","3800","COL@CGY","COL","CGY","","","","",""
"29636-21690","D","Chris","Chris Wideman","Wideman","7.127272865988991","11","3800","BUF@OTT","OTT","BUF","","","","",""
"29636-82174","D","Miro","Miro Heiskanen","Heiskanen","8.581818320534445","11","3800","DAL@TOR","DAL","TOR","","","","",""
"29636-70918","D","Dennis","Dennis Cholowski","Cholowski","12.569999694824219","10","3800","NJ@DET","DET","NJ","","","","",""
"29636-8515","C","Brandon","Brandon Dubinsky","Dubinsky","13.199999809265137","2","3800","CLS@SJ","CLS","SJ","IR","Oblique","","",""
"29636-23928","C","Radek","Radek Faksa","Faksa","7.163636641068892","11","3800","DAL@TOR","DAL","TOR","","","","",""
"29636-8607","D","Brooks","Brooks Orpik","Orpik","5.520000076293945","10","3800","WAS@MON","WAS","MON","DTD","Lower body","","",""
"29636-61859","D","Brandon","Brandon Montour","Montour","7.4461540809044475","13","3800","NYR@ANH","ANH","NYR","","","","",""
"29636-64101","D","Noah","Noah Hanifin","Hanifin","6.276922959547776","13","3800","COL@CGY","CGY","COL","","","","",""
"29636-58985","W","Jakub","Jakub Vrana","Vrana","9.680000305175781","10","3800","WAS@MON","WAS","MON","","","","",""
"29636-8903","D","Marco","Marco Scandella","Scandella","5.799999872843425","12","3800","BUF@OTT","BUF","OTT","","","","",""
"29636-23286","D","Ryan","Ryan Murray","Murray","8.918181679465555","11","3800","CLS@SJ","CLS","SJ","","","","",""
"29636-9036","D","Travis","Travis Hamonic","Hamonic","8.480000305175782","5","3800","COL@CGY","CGY","COL","","","","",""
"29636-59271","D","Travis","Travis Sanheim","Sanheim","7.108333587646484","12","3800","PHI@LA","PHI","LA","","","","",""
"29636-82850","C","Casey","Casey Mittelstadt","Mittelstadt","5.258333206176758","12","3800","BUF@OTT","BUF","OTT","","","","",""
"29636-15293","D","Jamie","Jamie Oleksiak","Oleksiak","12.355555216471354","9","3800","PIT@NYI","PIT","NYI","","","","",""
"29636-15357","W","Carl","Carl Hagelin","Hagelin","6.6400001525878904","10","3800","PIT@NYI","PIT","NYI","","","","",""
"29636-15386","C","Ryan","Ryan Strome","Strome","2.472727342085405","11","3700","CHI@EDM","EDM","CHI","","","","",""
"29636-66600","W","Blake","Blake Coleman","Coleman","7.91111077202691","9","3700","NJ@DET","NJ","DET","","","","",""
"29636-66656","D","Mike","Mike Reilly","Reilly","7.5363637750799","11","3700","WAS@MON","MON","WAS","","","","",""
"29636-43152","D","Damon","Damon Severson","Severson","10.722222222222221","9","3700","NJ@DET","NJ","DET","","","","",""
"29636-21650","D","Xavier","Xavier Ouellet","Ouellet","7.854545593261719","11","3700","WAS@MON","MON","WAS","","","","",""
"29636-82120","W","Kailer","Kailer Yamamoto","Yamamoto","4.918181679465554","11","3700","CHI@EDM","EDM","CHI","","","","",""
"29636-14564","D","Adam","Adam Larsson","Larsson","6.98181845925071","11","3700","CHI@EDM","EDM","CHI","","","","",""
"29636-60686","W","Mattias","Mattias Janmark","Janmark","4.581818320534446","11","3700","DAL@TOR","DAL","TOR","","","","",""
"29636-8464","W","Colin","Colin Wilson","Wilson","6.683333079020183","12","3700","COL@CGY","COL","CGY","","","","",""
"29636-8490","D","Andy","Andy Greene","Greene","7.822222391764323","9","3700","NJ@DET","NJ","DET","","","","",""
"29636-39261","D","Scott","Scott Mayfield","Mayfield","8.977778116861979","9","3700","PIT@NYI","NYI","PIT","","","","",""
"29636-39264","D","Derek","Derek Forbort","Forbort","4.6400001525878904","10","3700","PHI@LA","LA","PHI","","","","",""
"29636-41392","W","Valeri","Valeri Nichushkin","Nichushkin","5.066666603088379","6","3700","DAL@TOR","DAL","TOR","","","","",""
"29636-8636","C","Patrik","Patrik Berglund","Berglund","5.599999861283735","11","3700","BUF@OTT","BUF","OTT","","","","",""
"29636-80369","W","Jesper","Jesper Bratt","Bratt","7.259459624419341","74","3700","NJ@DET","NJ","DET","IR","Jaw","","",""
"29636-8956","D","Michael","Michael Stone","Stone","6.4","10","3700","COL@CGY","CGY","COL","","","","",""
"29636-70416","D","Markus","Markus Nutivaara","Nutivaara","9.090909090909092","11","3700","CLS@SJ","CLS","SJ","","","","",""
"29636-70579","D","Michal","Michal Kempny","Kempny","5","8","3700","WAS@MON","WAS","MON","","","","",""
"29636-12220","W","Marcus","Marcus Johansson","Johansson","5.962500095367432","8","3700","NJ@DET","NJ","DET","","","","",""
"29636-42983","W","Joel","Joel Armia","Armia","8.618182095614346","11","3700","WAS@MON","MON","WAS","","","","",""
"29636-62445","C","Evan","Evan Rodrigues","Rodrigues","7.409999847412109","10","3700","BUF@OTT","BUF","OTT","","","","",""
"29636-11254","D","Ian","Ian Cole","Cole","8.933333079020182","12","3700","COL@CGY","COL","CGY","","","","",""
"29636-37883","D","Cody","Cody Ceci","Ceci","8.914285932268415","7","3700","BUF@OTT","OTT","BUF","","","","",""
"29636-15374","D","Scott","Scott Harrington","Harrington","6.400000095367432","8","3600","CLS@SJ","CLS","SJ","","","","",""
"29636-43022","W","Connor","Connor Brown","Brown","6.375","12","3600","DAL@TOR","TOR","DAL","","","","",""
"29636-79935","W","Alex","Alex Iafallo","Iafallo","9.10909063165838","11","3600","PHI@LA","LA","PHI","","","","",""
"29636-81999","D","Henri","Henri Jokiharju","Jokiharju","10.666666666666666","12","3600","CHI@EDM","CHI","EDM","","","","",""
"29636-13406","D","Brenden","Brenden Dillon","Dillon","3.9666665395100913","12","3600","CLS@SJ","SJ","CLS","","","","",""
"29636-73826","W","Jimmy","Jimmy Vesey","Vesey","7.174999872843425","12","3600","NYR@ANH","NYR","ANH","","","","",""
"29636-9325","W","Patrick","Patrick Eaves","Eaves","9.199999809265137","2","3600","NYR@ANH","ANH","NYR","IR","Shoulder","","",""
"29636-8310","D","Kris","Kris Russell","Russell","9.599999861283736","11","3600","CHI@EDM","EDM","CHI","","","","",""
"29636-8340","W","Darren","Darren Helm","Helm","7.033333460489909","12","3600","NJ@DET","DET","NJ","","","","",""
"29636-8350","D","Jonathan","Jonathan Ericsson","Ericsson","6.55999984741211","5","3600","NJ@DET","DET","NJ","","","","",""
"29636-8357","W","Andrew","Andrew Cogliano","Cogliano","6.376923194298377","13","3600","NYR@ANH","ANH","NYR","","","","",""
"29636-8410","D","Jack","Jack Johnson","Johnson","8.29000015258789","10","3600","PIT@NYI","PIT","NYI","","","","",""
"29636-8411","D","Thomas","Thomas Hickey","Hickey","3.9272727966308594","11","3600","PIT@NYI","NYI","PIT","","","","",""
"29636-39146","W","Tobias","Tobias Rieder","Rieder","7.4636362249201","11","3600","CHI@EDM","EDM","CHI","","","","",""
"29636-21755","W","Alex","Alex Chiasson","Chiasson","10.666666666666666","6","3600","CHI@EDM","EDM","CHI","","","","",""
"29636-74016","D","Filip","Filip Hronek","Hronek","9.016666412353516","6","3600","NJ@DET","DET","NJ","","","","",""
"29636-12613","D","Radko","Radko Gudas","Gudas","8.436363913796164","11","3600","PHI@LA","PHI","LA","","","","",""
"29636-12625","W","Jordan","Jordan Weal","Weal","5.762499809265137","8","3600","PHI@LA","PHI","LA","","","","",""
"29636-84473","C","Antti","Antti Suomela","Suomela","7.133333206176758","12","3600","CLS@SJ","SJ","CLS","","","","",""
"29636-23054","W","Leo","Leo Komarov","Komarov","6.400000138716265","11","3600","PIT@NYI","NYI","PIT","","","","",""
"29636-10842","D","Nick","Nick Holden","Holden","5.599999745686849","12","3600","VGK@STL","VGK","STL","","","","",""
"29636-53866","D","Adam","Adam Pelech","Pelech","8.080000305175782","10","3600","PIT@NYI","NYI","PIT","","","","",""
"29636-8850","D","Deryk","Deryk Engelland","Engelland","5.333333333333333","9","3600","VGK@STL","VGK","STL","","","","",""
"29636-8918","D","Anton","Anton Stralman","Stralman","6.372727134011009","11","3600","NSH@TB","TB","NSH","","","","",""
"29636-39710","D","Nick","Nick Jensen","Jensen","7.890909368341619","11","3600","NJ@DET","DET","NJ","","","","",""
"29636-62276","W","Austin","Austin Czarnik","Czarnik","7.300000190734863","8","3600","COL@CGY","CGY","COL","","","","",""
"29636-11122","C","Nick","Nick Bonino","Bonino","3.7333332697550454","12","3600","NSH@TB","NSH","TB","","","","",""
"29636-14217","D","Patrik","Patrik Nemeth","Nemeth","4.622222052680121","9","3600","COL@CGY","COL","CGY","","","","",""
"29636-54194","D","Josh","Josh Manson","Manson","6.599999745686849","12","3600","NYR@ANH","ANH","NYR","DTD","Upper body","","",""
"29636-79877","D","Jake","Jake Walman","Walman","0","0","3500","VGK@STL","STL","VGK","","","","",""
"29636-97290","D","Jake","Jake Massie","Massie","0","0","3500","CHI@EDM","CHI","EDM","","","","",""
"29636-68624","D","Casey","Casey Nelson","Nelson","3.8400001525878906","10","3500","BUF@OTT","BUF","OTT","","","","",""
"29636-15380","D","Jordie","Jordie Benn","Benn","4.872727134011009","11","3500","WAS@MON","MON","WAS","","","","",""
"29636-38933","D","Slater","Slater Koekkoek","Koekkoek","6.400000095367432","2","3500","NSH@TB","TB","NSH","","","","",""
"29636-8226","D","Jay","Jay Bouwmeester","Bouwmeester","5.511110941569011","9","3500","VGK@STL","STL","VGK","","","","",""
"29636-38947","D","Andrej","Andrej Sustr","Sustr","5.199999809265137","4","3500","NYR@ANH","ANH","NYR","","","","",""
"29636-11302","D","Eric","Eric Gryba","Gryba","4.800000190734863","2","3500","NJ@DET","NJ","DET","","","","",""
"29636-15398","D","Brandon","Brandon Manning","Manning","4.240000152587891","10","3500","CHI@EDM","CHI","EDM","","","","",""
"29636-68649","D","Rob","Rob O'Gara","O'Gara","4.266666666666667","30","3500","NYR@ANH","NYR","ANH","","","","",""
"29636-68663","D","Andy","Andy Welinski","Welinski","8.800000190734863","2","3500","NYR@ANH","ANH","NYR","","","","",""
"29636-66635","D","Ethan","Ethan Bear","Bear","6.322222391764323","18","3500","CHI@EDM","EDM","CHI","","","","",""
"29636-43120","W","Anthony","Anthony Duclair","Duclair","9.10909063165838","11","3500","CLS@SJ","CLS","SJ","","","","",""
"29636-9330","D","Yannick","Yannick Weber","Weber","3.2666667302449546","12","3500","NSH@TB","NSH","TB","","","","",""
"29636-8309","D","Fedor","Fedor Tyutin","Tyutin","0","0","3500","COL@CGY","COL","CGY","","","","",""
"29636-8311","D","Marc","Marc Methot","Methot","2","8","3500","DAL@TOR","DAL","TOR","","","","",""
"29636-11387","D","Matt","Matt Irwin","Irwin","1.600000023841858","1","3500","NSH@TB","NSH","TB","","","","",""
"29636-66682","D","Travis","Travis Dermott","Dermott","3.9111111958821616","9","3500","DAL@TOR","TOR","DAL","","","","",""
"29636-79994","D","Jakub","Jakub Jerabek","Jerabek","3.200000047683716","1","3500","VGK@STL","STL","VGK","","","","",""
"29636-66688","D","Rasmus","Rasmus Andersson","Andersson","5.818181818181818","11","3500","COL@CGY","CGY","COL","","","","",""
"29636-11401","W","Gabriel","Gabriel Bourque","Bourque","3.7818180431019175","11","3500","COL@CGY","COL","CGY","","","","",""
"29636-21651","D","Ryan","Ryan Sproul","Sproul","5.981249809265137","16","3500","COL@CGY","CGY","COL","","","","",""
"29636-66713","C","Anthony","Anthony Cirelli","Cirelli","6.581818320534446","11","3500","NSH@TB","TB","NSH","","","","",""
"29636-66712","D","Noah","Noah Juulsen","Juulsen","4.977777693006727","9","3500","WAS@MON","MON","WAS","DTD","Upper body","","",""
"29636-66716","W","Mathieu","Mathieu Joseph","Joseph","4.109090978449041","11","3500","NSH@TB","TB","NSH","","","","",""
"29636-43167","D","Mirco","Mirco Mueller","Mueller","7.6444447835286455","9","3500","NJ@DET","NJ","DET","","","","",""
"29636-80036","D","Oscar","Oscar Fantenberg","Fantenberg","4.400000095367432","4","3500","PHI@LA","LA","PHI","","","","",""
"29636-82087","C","Filip","Filip Chytil","Chytil","4","12","3500","NYR@ANH","NYR","ANH","","","","",""
"29636-82112","D","Juuso","Juuso Valimaki","Valimaki","5.533333460489909","12","3500","COL@CGY","CGY","COL","","","","",""
"29636-8391","D","Dennis","Dennis Seidenberg","Seidenberg","5.657142639160156","28","3500","PIT@NYI","NYI","PIT","","","","",""
"29636-43207","D","Jake","Jake Dotchin","Dotchin","5.758333206176758","48","3500","NYR@ANH","ANH","NYR","","","","",""
"29636-54475","D","Christian","Christian Folin","Folin","6.399999891008649","7","3500","PHI@LA","PHI","LA","","","","",""
"29636-43212","W","Adam","Adam Erne","Erne","7.416666666666667","6","3500","NSH@TB","TB","NSH","","","","",""
"29636-54481","D","Jake","Jake McCabe","McCabe","9.672727411443537","11","3500","BUF@OTT","BUF","OTT","DTD","Upper body","","",""
"29636-54482","D","Stephen","Stephen Johns","Johns","7.9413330078125","75","3500","DAL@TOR","DAL","TOR","IR","Head","","",""
"29636-82137","D","T.J.","T.J. Melancon","Melancon","0","0","3500","WAS@MON","MON","WAS","","","","",""
"29636-21732","D","Anthony","Anthony Bitetto","Bitetto","4.800000190734863","4","3500","NSH@TB","NSH","TB","","","","",""
"29636-39145","D","Danny","Danny DeKeyser","DeKeyser","6.079999923706055","5","3500","NJ@DET","DET","NJ","IR","Hand","","",""
"29636-82154","D","Sebastian","Sebastian Aho","Aho","4.422727411443537","22","3500","PIT@NYI","NYI","PIT","","","","",""
"29636-60674","D","Gustav","Gustav Forsling","Forsling","8.31219482421875","41","3500","CHI@EDM","CHI","EDM","","","","",""
"29636-8468","D","Dan","Dan Hamhuis","Hamhuis","3.6571429116385326","7","3500","NSH@TB","NSH","TB","IR","Undisclosed","","",""
"29636-74031","D","John","John Gilmour","Gilmour","6.760714394705636","28","3500","NYR@ANH","NYR","ANH","","","","",""
"29636-39243","D","Nate","Nate Schmidt","Schmidt","8.840789794921875","76","3500","VGK@STL","VGK","STL","O","Suspension","","",""
"29636-8526","D","Dan","Dan Girardi","Girardi","5.709090839732777","11","3500","NSH@TB","TB","NSH","","","","",""
"29636-8528","D","Marc","Marc Staal","Staal","4.399999936421712","12","3500","NYR@ANH","NYR","ANH","","","","",""
"29636-62825","D","Jordan","Jordan Schmaltz","Schmaltz","4.400000095367432","8","3500","VGK@STL","STL","VGK","","","","",""
"29636-8567","D","Braydon","Braydon Coburn","Coburn","8.581818320534445","11","3500","NSH@TB","TB","NSH","","","","",""
"29636-22905","D","Fredrik","Fredrik Claesson","Claesson","4","4","3500","NYR@ANH","NYR","ANH","IR","Upper body","","",""
"29636-12667","W","Ryan","Ryan Spooner","Spooner","5.309091047807173","11","3500","NYR@ANH","NYR","ANH","","","","",""
"29636-84349","D","Igor","Igor Ozhiganov","Ozhiganov","3.0399999618530273","10","3500","DAL@TOR","TOR","DAL","","","","",""
"29636-8575","C","Martin","Martin Hanzal","Hanzal","6.165789553993626","38","3500","DAL@TOR","DAL","TOR","IR","Back","","",""
"29636-62858","D","Dean","Dean Kukan","Kukan","2.8799999237060545","5","3500","CLS@SJ","CLS","SJ","","","","",""
"29636-84363","D","Juuso","Juuso Riikola","Riikola","4.533333460489909","6","3500","PIT@NYI","PIT","NYI","","","","",""
"29636-39309","D","Chad","Chad Ruhwedel","Ruhwedel","2.133333365122477","3","3500","PIT@NYI","PIT","NYI","","","","",""
"29636-74127","D","Matt","Matt Benning","Benning","5.028571537562779","7","3500","CHI@EDM","EDM","CHI","","","","",""
"29636-21921","C","Riley","Riley Sheahan","Sheahan","4.8799999237060545","10","3500","PIT@NYI","PIT","NYI","","","","",""
"29636-13743","D","Mark","Mark Borowiecki","Borowiecki","3.9111111958821616","9","3500","BUF@OTT","OTT","BUF","O","Suspension","","",""
"29636-21935","D","Connor","Connor Murphy","Murphy","6","76","3500","CHI@EDM","CHI","EDM","","Back","","",""
"29636-8650","D","Roman","Roman Polak","Polak","4.888888888888889","9","3500","DAL@TOR","DAL","TOR","","","","",""
"29636-62923","D","Marcus","Marcus Pettersson","Pettersson","2.7999998728434243","12","3500","NYR@ANH","ANH","NYR","","","","",""
"29636-62927","C","Derek","Derek Ryan","Ryan","3.3999999364217124","12","3500","COL@CGY","CGY","COL","","","","",""
"29636-54744","D","Christian","Christian Djoos","Djoos","3.7333331637912326","9","3500","WAS@MON","WAS","MON","","","","",""
"29636-70117","D","Steven","Steven Santini","Santini","0","1","3500","NJ@DET","NJ","DET","IR","Jaw","","",""
"29636-8688","D","Luke","Luke Schenn","Schenn","3.1999999455043246","7","3500","NYR@ANH","ANH","NYR","","","","",""
"29636-58880","W","Ivan","Ivan Barbashev","Barbashev","4.44000015258789","10","3500","VGK@STL","STL","VGK","","","","",""
"29636-23060","D","Tim","Tim Heed","Heed","8.279310555293643","29","3500","CLS@SJ","SJ","CLS","","","","",""
"29636-8731","D","Karl","Karl Alzner","Alzner","3.200000047683716","4","3500","WAS@MON","MON","WAS","","","","",""
"29636-23069","D","Adam","Adam Clendening","Clendening","2.4000000953674316","4","3500","CLS@SJ","CLS","SJ","","","","",""
"29636-58928","D","Tony","Tony DeAngelo","DeAngelo","12.324999809265137","4","3500","NYR@ANH","NYR","ANH","","","","",""
"29636-70199","D","Devon","Devon Toews","Toews","0","0","3500","PIT@NYI","NYI","PIT","","","","",""
"29636-8764","D","Carl","Carl Gunnarsson","Gunnarsson","5.54920644608755","63","3500","VGK@STL","STL","VGK","","","","",""
"29636-70225","D","Gabriel","Gabriel Carlsson","Carlsson","1.600000023841858","1","3500","CLS@SJ","CLS","SJ","","","","",""
"29636-54867","W","Melker","Melker Karlsson","Karlsson","4.133333206176758","12","3500","CLS@SJ","SJ","CLS","","","","",""
"29636-58974","D","Julius","Julius Honka","Honka","5.599999904632568","8","3500","DAL@TOR","DAL","TOR","","","","",""
"29636-80480","D","Christian","Christian Jaros","Jaros","5.714285714285714","7","3500","BUF@OTT","OTT","BUF","","","","",""
"29636-41591","D","Jon","Jon Merrill","Merrill","4.133333206176758","12","3500","VGK@STL","VGK","STL","","","","",""
"29636-8827","D","Andrew","Andrew MacDonald","MacDonald","5.866666793823242","6","3500","PHI@LA","PHI","LA","","","","",""
"29636-8841","D","Adam","Adam McQuaid","McQuaid","5.25","8","3500","NYR@ANH","NYR","ANH","DTD","Lower body","","",""
"29636-8847","D","Robert","Robert Bortuzzo","Bortuzzo","6.240000152587891","5","3500","VGK@STL","STL","VGK","IR","Lower body","","",""
"29636-8877","D","Jason","Jason Garrison","Garrison","2.6666666666666665","6","3500","CHI@EDM","EDM","CHI","","","","",""
"29636-80561","D","Jan","Jan Rutta","Rutta","6.400000138716265","11","3500","CHI@EDM","CHI","EDM","","","","",""
"29636-70325","D","Paul","Paul LaDue","LaDue","4.320000076293946","5","3500","PHI@LA","LA","PHI","DTD","Undisclosed","","",""
"29636-23228","D","Justin","Justin Schultz","Schultz","10.125","4","3500","PIT@NYI","PIT","NYI","IR","Lower leg","","",""
"29636-8895","D","Justin","Justin Falk","Falk","3.8869565880816914","46","3500","COL@CGY","CGY","COL","","","","",""
"29636-62158","D","Joakim","Joakim Ryan","Ryan","2.933333396911621","12","3500","CLS@SJ","SJ","CLS","","","","",""
"29636-15057","D","Duncan","Duncan Siemens","Siemens","4.75","16","3500","COL@CGY","CGY","COL","","","","",""
"29636-59117","W","Nick","Nick Ritchie","Ritchie","8","2","3500","NYR@ANH","ANH","NYR","DTD","Upper body","","",""
"29636-97024","D","Adam","Adam Boqvist","Boqvist","0","0","3500","CHI@EDM","CHI","EDM","","","","",""
"29636-59140","D","Kevin","Kevin Gravel","Gravel","4","2","3500","CHI@EDM","EDM","CHI","","","","",""
"29636-8966","W","Trevor","Trevor Lewis","Lewis","6.545454545454546","11","3500","PHI@LA","LA","PHI","","","","",""
"29636-39714","W","Charles","Charles Hudon","Hudon","6.662499904632568","8","3500","WAS@MON","MON","WAS","","","","",""
"29636-9011","D","Andrej","Andrej Sekera","Sekera","5.272222306993273","36","3500","CHI@EDM","EDM","CHI","","Achilles","","",""
"29636-9033","C","Casey","Casey Cizikas","Cizikas","9.719999694824219","10","3500","PIT@NYI","NYI","PIT","","","","",""
"29636-42842","D","Madison","Madison Bowey","Bowey","3.2000001271565757","3","3500","WAS@MON","WAS","MON","","","","",""
"29636-42844","D","Connor","Connor Carrick","Carrick","7.733333163791233","9","3500","DAL@TOR","DAL","TOR","DTD","Foot","","",""
"29636-54110","D","Gustav","Gustav Olofsson","Olofsson","4.1365855147198936","41","3500","WAS@MON","MON","WAS","O","Shoulder","","",""
"29636-59235","W","Tomas","Tomas Nosek","Nosek","4.55999984741211","10","3500","VGK@STL","VGK","STL","","","","",""
"29636-42855","D","Ben","Ben Harpur","Harpur","3.2000001271565757","3","3500","BUF@OTT","OTT","BUF","IR","Undisclosed","","",""
"29636-59239","D","Joe","Joe Hicketts","Hicketts","4.400000095367432","8","3500","NJ@DET","DET","NJ","","","","",""
"29636-14184","D","Martin","Martin Marincin","Marincin","2.5600000381469727","5","3500","DAL@TOR","TOR","DAL","","","","",""
"29636-97129","D","Evan","Evan Bouchard","Bouchard","5.899999891008649","7","3500","CHI@EDM","EDM","CHI","","","","",""
"29636-9066","D","Luca","Luca Sbisa","Sbisa","3.2000001271565757","3","3500","PIT@NYI","NYI","PIT","","","","",""
"29636-9074","D","David","David Schlemko","Schlemko","5.972972972972973","37","3500","WAS@MON","MON","WAS","IR","Knee","","",""
"29636-82828","D","Christian","Christian Wolanin","Wolanin","3.200000047683716","1","3500","BUF@OTT","OTT","BUF","","","","",""
"29636-42908","D","Brad","Brad Hunt","Hunt","8.166666666666666","3","3500","VGK@STL","VGK","STL","","","","",""
"29636-82848","D","Mitch","Mitch Reinke","Reinke","4.800000190734863","1","3500","VGK@STL","STL","VGK","","","","",""
"29636-70565","D","Jacob","Jacob Larsson","Larsson","3.200000047683716","2","3500","NYR@ANH","ANH","NYR","","","","",""
"29636-70582","D","Anton","Anton Lindholm","Lindholm","3.1000000635782876","48","3500","COL@CGY","COL","CGY","","","","",""
"29636-9145","D","Ben","Ben Lovejoy","Lovejoy","4.799999872843425","6","3500","NJ@DET","NJ","DET","","","","",""
"29636-79812","W","John","John Hayden","Hayden","4.4571429661342075","7","3500","CHI@EDM","CHI","EDM","","","","",""
"29636-15302","D","Nathan","Nathan Beaulieu","Beaulieu","4.099999904632568","8","3500","BUF@OTT","BUF","OTT","","","","",""
"29636-42962","D","Brett","Brett Kulak","Kulak","3.7633804536201585","71","3500","WAS@MON","MON","WAS","","","","",""
"29636-66516","D","Niko","Niko Mikkola","Mikkola","0","0","3500","VGK@STL","STL","VGK","","","","",""
"29636-15328","D","Brandon","Brandon Davidson","Davidson","5.866666793823242","3","3500","CHI@EDM","CHI","EDM","","","","",""
"29636-8169","D","Zach","Zach Bogosian","Bogosian","8.342857360839844","7","3500","BUF@OTT","BUF","OTT","","","","",""
"29636-12265","D","Mark","Mark Barberio","Barberio","5.599999745686849","3","3500","COL@CGY","COL","CGY","","","","",""
"29636-82927","D","Daniel","Daniel Brickley","Brickley","9.600000381469727","1","3500","PHI@LA","LA","PHI","","","","",""
"29636-42994","D","Nikita","Nikita Zadorov","Zadorov","3.2000001271565757","12","3500","COL@CGY","COL","CGY","","","","",""
"29636-79860","D","Victor","Victor Mete","Mete","3.1999999152289496","9","3500","WAS@MON","MON","WAS","","","","",""
"29636-37880","W","Scott","Scott Laughton","Laughton","7.866666793823242","12","3500","PHI@LA","PHI","LA","","","","",""
"29636-8191","D","Matt","Matt Hunwick","Hunwick","6.333333333333333","42","3500","BUF@OTT","BUF","OTT","","Neck","","",""
"29636-79898","C","Colin","Colin White","White","8.336363358931107","11","3400","BUF@OTT","OTT","BUF","","","","",""
"29636-68644","C","Mark","Mark Jankowski","Jankowski","4.6400001525878904","10","3400","COL@CGY","CGY","COL","","","","",""
"29636-40039","W","Michael","Michael Raffl","Raffl","3.5555555555555554","9","3400","PHI@LA","PHI","LA","IR","Lower body","","",""
"29636-82051","W","Michael","Michael Rasmussen","Rasmussen","4.45","10","3400","NJ@DET","DET","NJ","","","","",""
"29636-8341","W","Justin","Justin Abdelkader","Abdelkader","4.200000127156575","12","3400","NJ@DET","DET","NJ","","","","",""
"29636-43176","W","Ryan","Ryan Hartman","Hartman","8.200000127156576","12","3400","NSH@TB","NSH","TB","","","","",""
"29636-70902","W","Jesse","Jesse Puljujarvi","Puljujarvi","4.685714176722935","7","3400","CHI@EDM","EDM","CHI","","","","",""
"29636-70924","W","Tage","Tage Thompson","Thompson","3.1999999152289496","9","3400","BUF@OTT","BUF","OTT","","","","",""
"29636-8503","W","Blake","Blake Comeau","Comeau","4.7272727272727275","11","3400","DAL@TOR","DAL","TOR","","","","",""
"29636-74041","W","Zach","Zach Sanford","Sanford","15.2","5","3400","VGK@STL","STL","VGK","","","","",""
"29636-8517","C","Brian","Brian Boyle","Boyle","9.088889227973091","9","3400","NJ@DET","NJ","DET","","","","",""
"29636-84348","C","Par","Par Lindholm","Lindholm","6.200000127156575","12","3400","DAL@TOR","TOR","DAL","","","","",""
"29636-12718","W","Tyler","Tyler Pitlick","Pitlick","5.729999923706055","10","3400","DAL@TOR","DAL","TOR","","","","",""
"29636-54822","W","Jason","Jason Dickinson","Dickinson","7.6444447835286455","9","3400","DAL@TOR","DAL","TOR","","","","",""
"29636-80475","W","Oskar","Oskar Lindblom","Lindblom","6.133333206176758","12","3400","PHI@LA","PHI","LA","","","","",""
"29636-8932","C","Zack","Zack Smith","Smith","8.711111280653212","9","3400","BUF@OTT","OTT","BUF","IR","Face","","",""
"29636-42791","W","Sven","Sven Andrighetto","Andrighetto","7.066666920979817","6","3400","COL@CGY","COL","CGY","IR","Lower body","","",""
"29636-42833","W","Andre","Andre Burakovsky","Burakovsky","4.079999923706055","10","3400","WAS@MON","WAS","MON","","","","",""
"29636-42865","W","Jean-Sebastien","Jean-Sebastien Dea","Dea","7.733333163791233","9","3400","NJ@DET","NJ","DET","","","","",""
"29636-15281","W","Andrew","Andrew Shaw","Shaw","5.899999891008649","7","3400","WAS@MON","MON","WAS","","","","",""
"29636-15286","W","Stefan","Stefan Noesen","Noesen","5.600000169542101","9","3400","NJ@DET","NJ","DET","","","","",""
"29636-8236","C","Matt","Matt Cullen","Cullen","5.840000152587891","10","3300","PIT@NYI","PIT","NYI","","","","",""
"29636-66675","W","Daniel","Daniel Sprong","Sprong","6.100000169542101","9","3300","PIT@NYI","PIT","NYI","","","","",""
"29636-12438","C","Riley","Riley Nash","Nash","3.9272727966308594","11","3300","CLS@SJ","CLS","SJ","","","","",""
"29636-66791","C","Carter","Carter Rowney","Rowney","3.6799999237060548","5","3300","NYR@ANH","ANH","NYR","IR","Upper body","","",""
"29636-8425","W","Cal","Cal Clutterbuck","Clutterbuck","3.5555555555555554","9","3300","PIT@NYI","NYI","PIT","DTD","Upper body","","",""
"29636-39234","W","Matt","Matt Nieto","Nieto","5.866666793823242","12","3300","COL@CGY","COL","CGY","","","","",""
"29636-12645","W","Devante","Devante Smith-Pelly","Smith-Pelly","4.8799999237060545","10","3300","WAS@MON","WAS","MON","","","","",""
"29636-65970","C","Pavel","Pavel Zacha","Zacha","1.9555555979410808","9","3300","NJ@DET","NJ","DET","","","","",""
"29636-23061","W","Calle","Calle Jarnkrok","Jarnkrok","4.666666666666667","12","3300","NSH@TB","NSH","TB","","","","",""
"29636-8745","W","Vladimir","Vladimir Sobotka","Sobotka","4.177777608235677","9","3300","BUF@OTT","BUF","OTT","","","","",""
"29636-13911","C","Marcus","Marcus Kruger","Kruger","4.666666666666667","12","3300","CHI@EDM","CHI","EDM","","","","",""
"29636-58977","W","Sonny","Sonny Milano","Milano","2.5","8","3300","CLS@SJ","CLS","SJ","","","","",""
"29636-23222","W","Zemgus","Zemgus Girgensons","Girgensons","4.533333460489909","12","3300","BUF@OTT","BUF","OTT","","","","",""
"29636-42705","W","Colton","Colton Sissons","Sissons","4.899999936421712","12","3300","NSH@TB","NSH","TB","","","","",""
"29636-59142","C","Michael","Michael Amadio","Amadio","2.9333332909478083","9","3300","PHI@LA","LA","PHI","","","","",""
"29636-70472","W","Drake","Drake Caggiula","Caggiula","6.857142857142857","7","3300","CHI@EDM","EDM","CHI","","","","",""
"29636-42839","W","Chandler","Chandler Stephenson","Stephenson","4.240000152587891","10","3300","WAS@MON","WAS","MON","","","","",""
"29636-82834","W","Kiefer","Kiefer Sherwood","Sherwood","5.733333587646484","12","3300","NYR@ANH","ANH","NYR","","","","",""
"29636-70552","W","Marcus","Marcus Sorensen","Sorensen","5.866666793823242","12","3300","CLS@SJ","SJ","CLS","","","","",""
"29636-9203","W","Tom","Tom Pyatt","Pyatt","3.9272727966308594","11","3300","BUF@OTT","OTT","BUF","","","","",""
"29636-12280","W","Magnus","Magnus Paajarvi","Paajarvi","3.6363636363636362","11","3300","BUF@OTT","OTT","BUF","","","","",""
"29636-37884","W","Ben","Ben Street","Street","6.599999745686849","12","3300","NYR@ANH","ANH","NYR","","","","",""
"29636-12289","C","Jori","Jori Lehtera","Lehtera","3.3999999364217124","12","3200","PHI@LA","PHI","LA","","","","",""
"29636-15395","W","Brett","Brett Ritchie","Ritchie","2.6666666666666665","9","3200","DAL@TOR","DAL","TOR","","","","",""
"29636-66642","W","Austin","Austin Wagner","Wagner","2.057142802647182","7","3200","PHI@LA","LA","PHI","","","","",""
"29636-14462","C","Johan","Johan Larsson","Larsson","3.7333332697550454","6","3200","BUF@OTT","BUF","OTT","","","","",""
"29636-82156","W","Max","Max Comtois","Comtois","8.319999694824219","10","3200","NYR@ANH","ANH","NYR","IR","Lower body","","",""
"29636-8436","C","Tomas","Tomas Plekanec","Plekanec","8.799999872843424","3","3200","WAS@MON","MON","WAS","IR","Back","","",""
"29636-70906","W","Alexander","Alexander Nylander","Nylander","5.066666603088379","3","3200","BUF@OTT","BUF","OTT","","","","",""
"29636-70928","C","Sam","Sam Steel","Steel","4.815384498009315","13","3200","NYR@ANH","ANH","NYR","","","","",""
"29636-8746","W","Matt","Matt Calvert","Calvert","5.375","12","3200","COL@CGY","COL","CGY","","","","",""
"29636-54850","W","Gemel","Gemel Smith","Smith","4.599999904632568","4","3200","DAL@TOR","DAL","TOR","","","","",""
"29636-13913","W","Tom","Tom Kuhnhackl","Kuhnhackl","6.199999809265137","4","3200","PIT@NYI","NYI","PIT","","","","",""
"29636-39676","C","Cedric","Cedric Paquette","Paquette","5.1636362942782315","11","3200","NSH@TB","TB","NSH","","","","",""
"29636-42786","W","Justin","Justin Dowling","Dowling","4","4","3200","DAL@TOR","DAL","TOR","","","","",""
"29636-9006","W","Tyler","Tyler Ennis","Ennis","4.711111280653212","9","3200","DAL@TOR","TOR","DAL","","","","",""
"29636-62293","W","Matthew","Matthew Peca","Peca","5.279999923706055","10","3200","WAS@MON","MON","WAS","","","","",""
"29636-97116","C","Jesperi","Jesperi Kotkaniemi","Kotkaniemi","5.863636363636363","11","3200","WAS@MON","MON","WAS","","","","",""
"29636-11152","W","Zack","Zack Kassian","Kassian","2.9000000953674316","8","3200","CHI@EDM","EDM","CHI","","","","",""
"29636-82835","C","Shane","Shane Gersich","Gersich","5.866666793823242","3","3200","WAS@MON","WAS","MON","","","","",""
"29636-15255","W","Josh","Josh Leivo","Leivo","4.950000127156575","12","3200","DAL@TOR","TOR","DAL","","","","",""
"29636-11225","W","Dale","Dale Weise","Weise","4.088888804117839","9","3200","PHI@LA","PHI","LA","","","","",""
"29636-58332","W","Sam","Sam Bennett","Bennett","5.292307927058293","13","3200","COL@CGY","CGY","COL","","","","",""
"29636-82909","C","Dylan","Dylan Gambrell","Gambrell","0","1","3200","CLS@SJ","SJ","CLS","","","","",""
"29636-43014","W","William","William Carrier","Carrier","4.133333206176758","12","3100","VGK@STL","VGK","STL","","","","",""
"29636-9275","W","Kyle","Kyle Clifford","Clifford","2.2222222222222223","9","3100","PHI@LA","LA","PHI","","","","",""
"29636-8259","W","Andrew","Andrew Ladd","Ladd","10.550000190734863","8","3100","PIT@NYI","NYI","PIT","","","","",""
"29636-14451","C","Oscar","Oscar Lindberg","Lindberg","2.3999999364217124","6","3100","VGK@STL","VGK","STL","","","","",""
"29636-54527","W","Connor","Connor Brickley","Brickley","5.818181818181818","44","3100","NSH@TB","NSH","TB","","","","",""
"29636-54577","W","Pontus","Pontus Aberg","Aberg","9.900000435965401","7","3100","NYR@ANH","ANH","NYR","","","","",""
"29636-8520","W","Ryan","Ryan Callahan","Callahan","6.171428680419922","7","3100","NSH@TB","TB","NSH","","","","",""
"29636-13657","C","Derek","Derek Grant","Grant","1.6000000635782878","3","3100","PIT@NYI","PIT","NYI","","","","",""
"29636-8598","W","Chris","Chris Kunitz","Kunitz","2.472727342085405","11","3100","CHI@EDM","CHI","EDM","","","","",""
"29636-8829","C","Nate","Nate Thompson","Thompson","2.909090909090909","11","3100","PHI@LA","LA","PHI","","","","",""
"29636-54951","C","Pierre-Edouard","Pierre-Edouard Bellemare","Bellemare","4.100000063578288","12","3100","VGK@STL","VGK","STL","","","","",""
"29636-42841","W","Nathan","Nathan Walker","Walker","3.7333332697550454","3","3100","WAS@MON","WAS","MON","","","","",""
"29636-79866","W","Vinni","Vinni Lettieri","Lettieri","3.5999999046325684","8","3100","NYR@ANH","NYR","ANH","","","","",""
"29636-68609","W","Nick","Nick Lappin","Lappin","4.399999936421712","6","3000","NJ@DET","NJ","DET","","","","",""
"29636-15365","W","Andy","Andy Andreoff","Andreoff","3.928888956705729","45","3000","NSH@TB","TB","NSH","","","","",""
"29636-79880","W","C.J.","C.J. Smith","Smith","0","0","3000","BUF@OTT","BUF","OTT","","","","",""
"29636-8203","W","Drew","Drew Stafford","Stafford","4","2","3000","NJ@DET","NJ","DET","IR","Upper body","","",""
"29636-43024","C","Frederik","Frederik Gauthier","Gauthier","1.7777777777777777","9","3000","DAL@TOR","TOR","DAL","","","","",""
"29636-82993","W","Joey","Joey Anderson","Anderson","0","1","3000","NJ@DET","NJ","DET","","","","",""
"29636-81983","C","Robert","Robert Thomas","Thomas","2.933333396911621","6","3000","VGK@STL","STL","VGK","","","","",""
"29636-79938","C","Christoffer","Christoffer Ehn","Ehn","2.6666666666666665","9","3000","NJ@DET","DET","NJ","","","","",""
"29636-43089","W","Ross","Ross Johnston","Johnston","9.600000381469727","1","3000","PIT@NYI","NYI","PIT","","","","",""
"29636-8278","W","Cody","Cody McLeod","McLeod","3.4285714285714284","7","3000","NYR@ANH","NYR","ANH","","","","",""
"29636-79963","W","Mikhail","Mikhail Vorobyev","Vorobyev","4.685714176722935","7","3000","PHI@LA","PHI","LA","","","","",""
"29636-82026","C","Jaret","Jaret Anderson-Dolan","Anderson-Dolan","4.159999847412109","5","3000","PHI@LA","LA","PHI","","","","",""
"29636-43132","W","Martin","Martin Frk","Frk","1.0666666825612385","3","3000","NJ@DET","DET","NJ","","","","",""
"29636-43133","W","Luke","Luke Glendening","Glendening","5.799999872843425","12","3000","NJ@DET","DET","NJ","","","","",""
"29636-43140","C","Barclay","Barclay Goodrow","Goodrow","3.433333396911621","12","3000","CLS@SJ","SJ","CLS","","","","",""
"29636-14480","W","Nicolas","Nicolas Deslauriers","Deslauriers","1.6","5","3000","WAS@MON","MON","WAS","","","","",""
"29636-53393","W","Zack","Zack Mitchell","Mitchell","4.160869432532269","23","3000","PHI@LA","LA","PHI","","","","",""
"29636-80028","C","David","David Kampf","Kampf","4.711111280653212","9","3000","CHI@EDM","CHI","EDM","","","","",""
"29636-82083","W","Lias","Lias Andersson","Andersson","4.685714176722935","7","3000","NYR@ANH","NYR","ANH","","","","",""
"29636-43196","C","Alan","Alan Quine","Quine","2.971428644089472","21","3000","COL@CGY","CGY","COL","","","","",""
"29636-66757","C","Filip","Filip Chlapik","Chlapik","4.625","20","3000","BUF@OTT","OTT","BUF","","","","",""
"29636-66756","W","Andrew","Andrew Mangiapane","Mangiapane","1.7600000381469727","10","3000","COL@CGY","CGY","COL","","","","",""
"29636-54478","C","Nic","Nic Dowd","Dowd","4.720000076293945","10","3000","WAS@MON","WAS","MON","","","","",""
"29636-73940","W","Jordan","Jordan Kyrou","Kyrou","3.3777777353922525","9","3000","VGK@STL","STL","VGK","","","","",""
"29636-8417","C","Kyle","Kyle Brodziak","Brodziak","3.0399999618530273","10","3000","CHI@EDM","EDM","CHI","","","","",""
"29636-54517","W","Jacob","Jacob De La Rose","De La Rose","0.5333333412806193","3","3000","NJ@DET","DET","NJ","","","","",""
"29636-82167","W","Sheldon","Sheldon Dries","Dries","3.200000047683716","4","3000","COL@CGY","COL","CGY","","","","",""
"29636-62723","W","Ondrej","Ondrej Kase","Kase","10.01060624556108","66","3000","NYR@ANH","ANH","NYR","IR","Concussion","","",""
"29636-62724","W","Andreas","Andreas Martinsen","Martinsen","0.9600000381469727","5","3000","CHI@EDM","CHI","EDM","","","","",""
"29636-82180","C","Dominic","Dominic Toninato","Toninato","2.118918960158889","37","3000","COL@CGY","COL","CGY","","","","",""
"29636-82191","W","Alex","Alex Formenton","Formenton","5.699999809265137","8","3000","BUF@OTT","OTT","BUF","","","","",""
"29636-83218","W","Ville","Ville Meskanen","Meskanen","0","0","3000","NYR@ANH","NYR","ANH","","","","",""
"29636-53527","W","Marko","Marko Dano","Dano","1.2000000476837158","4","3000","COL@CGY","COL","CGY","","","","",""
"29636-54576","W","Rocco","Rocco Grimaldi","Grimaldi","1.600000023841858","2","3000","NSH@TB","NSH","TB","","","","",""
"29636-39240","W","Luke","Luke Witkowski","Witkowski","4","2","3000","NJ@DET","DET","NJ","","","","",""
"29636-39248","W","Dmitrij","Dmitrij Jaskin","Jaskin","2.5142857687813893","7","3000","WAS@MON","WAS","MON","","","","",""
"29636-12630","C","Michael","Michael Chaput","Chaput","0.7111111217074924","9","3000","WAS@MON","MON","WAS","","","","",""
"29636-62816","W","Anton","Anton Slepyshev","Slepyshev","5.312000122070312","50","3000","CHI@EDM","EDM","CHI","","","","",""
"29636-74086","W","Dillon","Dillon Dube","Dube","3.7333332697550454","12","3000","COL@CGY","CGY","COL","","","","",""
"29636-74100","C","Tanner","Tanner Fritz","Fritz","8","2","3000","PIT@NYI","NYI","PIT","","","","",""
"29636-12682","W","Brandon","Brandon Pirri","Pirri","26.799999237060547","2","3000","VGK@STL","VGK","STL","","","","",""
"29636-39311","C","Nick","Nick Shore","Shore","5.045312404632568","64","3000","COL@CGY","CGY","COL","","","","",""
"29636-62869","W","Andreas","Andreas Johnsson","Johnsson","2.8142858232770647","7","3000","DAL@TOR","TOR","DAL","","","","",""
"29636-80286","W","Roope","Roope Hintz","Hintz","5.1200000762939455","5","3000","DAL@TOR","DAL","TOR","","","","",""
"29636-21928","W","Paul","Paul Carey","Carey","0.9600000381469727","5","3000","BUF@OTT","OTT","BUF","","","","",""
"29636-12738","C","Jordan","Jordan Nolan","Nolan","2.7130434340324956","69","3000","VGK@STL","STL","VGK","","","","",""
"29636-39395","W","Logan","Logan Shaw","Shaw","5.161111195882161","72","3000","NYR@ANH","ANH","NYR","","","","",""
"29636-39405","W","Miikka","Miikka Salomaki","Salomaki","3.7714285169328963","7","3000","NSH@TB","NSH","TB","","","","",""
"29636-80380","W","Victor","Victor Ejdsell","Ejdsell","4.799999872843425","6","3000","CHI@EDM","CHI","EDM","","","","",""
"29636-58878","W","Oskar","Oskar Sundqvist","Sundqvist","6.400000095367432","2","3000","VGK@STL","STL","VGK","","","","",""
"29636-58879","C","Scott","Scott Wilson","Wilson","5.015942117442256","69","3000","BUF@OTT","BUF","OTT","IR","Ankle","","",""
"29636-58881","W","Sammy","Sammy Blais","Blais","2.4000000953674316","8","3000","VGK@STL","STL","VGK","","","","",""
"29636-58883","W","Robby","Robby Fabbri","Fabbri","0","0","3000","VGK@STL","STL","VGK","","","","",""
"29636-58888","W","Rourke","Rourke Chartier","Chartier","4.699999809265137","8","3000","CLS@SJ","SJ","CLS","","","","",""
"29636-54816","W","Max","Max McCormick","McCormick","2","4","3000","BUF@OTT","OTT","BUF","","","","",""
"29636-58919","W","Nikita","Nikita Scherbak","Scherbak","5.919230534480168","26","3000","WAS@MON","MON","WAS","","","","",""
"29636-10797","C","Mark","Mark Letestu","Letestu","5.722499847412109","80","3000","CLS@SJ","CLS","SJ","","","","",""
"29636-85571","W","Filip","Filip Zadina","Zadina","0","0","3000","NJ@DET","DET","NJ","","","","",""
"29636-62019","W","Nikita","Nikita Soshnikov","Soshnikov","3.3600001017252605","15","3000","VGK@STL","STL","VGK","","","","",""
"29636-62033","W","Casey","Casey Bailey","Bailey","0","0","3000","PIT@NYI","NYI","PIT","","","","",""
"29636-58972","W","Remi","Remi Elie","Elie","0.5333333412806193","3","3000","BUF@OTT","BUF","OTT","","","","",""
"29636-42629","W","Joseph","Joseph Blandisi","Blandisi","0.5333333412806193","3","3000","NYR@ANH","ANH","NYR","","","","",""
"29636-8868","W","Erik","Erik Condra","Condra","0","0","3000","DAL@TOR","DAL","TOR","","","","",""
"29636-10924","W","Adam","Adam Cracknell","Cracknell","2.2399999618530275","5","3000","DAL@TOR","TOR","DAL","","","","",""
"29636-10929","W","Anthony","Anthony Peluso","Peluso","0.800000011920929","2","3000","COL@CGY","CGY","COL","","","","",""
"29636-70327","C","Luke","Luke Johnson","Johnson","2.5142857687813893","7","3000","CHI@EDM","CHI","EDM","","","","",""
"29636-8887","W","Ryan","Ryan Reaves","Reaves","5.575000127156575","12","3000","VGK@STL","VGK","STL","","","","",""
"29636-10965","W","Colin","Colin McDonald","McDonald","0","0","3000","PHI@LA","PHI","LA","","","","",""
"29636-59127","W","Garnet","Garnet Hathaway","Hathaway","4.622222052680121","9","3000","COL@CGY","CGY","COL","","","","",""
"29636-54032","W","Ben","Ben Sexton","Sexton","0.800000011920929","2","3000","BUF@OTT","OTT","BUF","","","","",""
"29636-62275","C","Travis","Travis Boyd","Boyd","1.600000023841858","8","3000","WAS@MON","WAS","MON","IR","Foot","","",""
"29636-14151","W","Austin","Austin Watson","Watson","6.531578867059005","76","3000","NSH@TB","NSH","TB","O","Suspension","","",""
"29636-59209","C","Frederick","Frederick Gaudreau","Gaudreau","0","3","3000","NSH@TB","NSH","TB","","","","",""
"29636-97096","W","Isac","Isac Lundestrom","Lundestrom","3.0545453158291904","11","3000","NYR@ANH","ANH","NYR","","","","",""
"29636-14158","W","Brian","Brian Gibbons","Gibbons","2.2399999618530275","10","3000","NYR@ANH","ANH","NYR","","","","",""
"29636-14160","W","Mike","Mike Sislo","Sislo","0","0","3000","PIT@NYI","NYI","PIT","","","","",""
"29636-62295","W","Jonny","Jonny Brodzinski","Brodzinski","4.6628570556640625","35","3000","PHI@LA","LA","PHI","IR","Shoulder","","",""
"29636-9058","W","Matt","Matt Beleskey","Beleskey","2.346666717529297","15","3000","NYR@ANH","NYR","ANH","","","","",""
"29636-66404","C","Vladislav","Vladislav Kamenev","Kamenev","3.1999999455043246","7","3000","COL@CGY","COL","CGY","","","","",""
"29636-42860","W","Curtis","Curtis Lazar","Lazar","3.8400000939002403","65","3000","COL@CGY","CGY","COL","","","","",""
"29636-59246","W","John","John Quenneville","Quenneville","1.9200000762939453","5","3000","NJ@DET","NJ","DET","","","","",""
"29636-97150","C","Jan","Jan Kovar","Kovar","0","0","3000","PIT@NYI","NYI","PIT","","","","",""
"29636-97152","W","Martin","Martin Kaut","Kaut","0","0","3000","COL@CGY","COL","CGY","","","","",""
"29636-15252","C","Lukas","Lukas Sedlak","Sedlak","1.9555555979410808","9","3000","CLS@SJ","CLS","SJ","","","","",""
"29636-42906","W","Jujhar","Jujhar Khaira","Khaira","2.2399999618530275","10","3000","CHI@EDM","EDM","CHI","","","","",""
"29636-82842","W","Dylan","Dylan Sikura","Sikura","8.319999694824219","5","3000","CHI@EDM","CHI","EDM","","","","",""
"29636-79790","W","Matthew","Matthew Highmore","Highmore","6.030769348144531","13","3000","CHI@EDM","CHI","EDM","","","","",""
"29636-54200","W","Ryan","Ryan Carpenter","Carpenter","3.9272727966308594","11","3000","VGK@STL","VGK","STL","","","","",""
"29636-79820","W","Zach","Zach Aston-Reese","Aston-Reese","6.599999904632568","16","3000","PIT@NYI","PIT","NYI","","","","",""
"29636-8142","W","Corey","Corey Perry","Perry","11.153521470620598","71","3000","NYR@ANH","ANH","NYR","IR","Knee","","",""
"29636-42970","W","Josh","Josh Jooris","Jooris","3.9400001525878907","40","3000","DAL@TOR","TOR","DAL","","","","",""
"29636-82912","W","Troy","Troy Terry","Terry","2.133333365122477","6","3000","NYR@ANH","ANH","NYR","","","","",""
"29636-8164","W","Chris","Chris Thorburn","Thorburn","0","1","3000","VGK@STL","STL","VGK","","","","",""
"29636-11237","W","Zac","Zac Rinaldo","Rinaldo","2.4666666984558105","12","3000","NSH@TB","NSH","TB","","","","",""
"29636-62442","W","Markus","Markus Hannikainen","Hannikainen","8","3","3000","CLS@SJ","CLS","SJ","","","","",""
"29636-9196","W","Matt","Matt Martin","Martin","7.280000305175781","10","3000","PIT@NYI","NYI","PIT","","","","",""
"29636-82925","W","Eeli","Eeli Tolvanen","Tolvanen","2.133333365122477","3","3000","NSH@TB","NSH","TB","","","","",""
"29636-42998","W","Taylor","Taylor Leier","Leier","3.876922998672877","39","3000","PHI@LA","PHI","LA","","","","",""
"29636-15354","W","Tomas","Tomas Hyka","Hyka","3.4285714285714284","7","3000","VGK@STL","VGK","STL","","","","",""